qid	lang	alias
Q1000854	en	red sage
Q101680	en	cedars
Q101680	en	firs
Q101680	en	larches
Q101680	en	pine family
Q101680	en	pines
Q101680	en	spruces
Q101680	it	Pinacee
Q101815	en	tea
Q101815	en	tea plant
Q101815	en	tea shrub
Q101815	it	Albero del tè
Q101815	it	foglia di tè
Q101815	it	pianta del tè
Q102035949	en	orange rind
Q10210	en	white wine
Q10210	it	bianco
Q102240169	en	Rosemary
Q102240169	en	Rosmarinus officinalis
Q102240169	en	rosemary
Q102240169	it	Rosmarino
Q102240169	it	Rosmarinus officinalis
Q102256772	en	Apium graveolens seed
Q1023573	en	Texas sage
Q10262769	en	Orchid
Q10266881	en	Orchid
Q10267132	en	Orchid
Q10267140	en	Orchid
Q10267150	en	Orchid
Q102824697	en	thimbleberry
Q10286140	en	Indian meal
Q10286140	en	corn grits
Q10286140	en	corn meal
Q10286140	en	maize grits
Q10286140	en	maize meal
Q10286140	en	polenta
Q10286140	it	farina gialla
Q10286140	it	farina per polenta
Q10315139	en	Lamiaceae
Q103169	en	Rhodophyceae
Q103169	en	red algae
Q103169	it	Alghe rosse
Q10323229	en	Origanum
Q103554747	en	Artemisia dracunculus leaf
Q103554747	en	tarragon leaf
Q1038113	en	lobster
Q1038113	en	the lobster family
Q1038113	it	nefropidi
Q103822061	en	Chinese plum
Q103829288	en	vanilla oil
Q104005575	en	kumquat
Q104005575	it	cumquat
Q104007010	en	Madagascar bean
Q104007010	en	butter bean
Q104007010	en	butterbean
Q104007010	en	chad bean
Q104007010	en	double bean
Q104007010	en	sieva bean
Q104007010	en	wax bean
Q104030000	en	mangosteen
Q104032416	en	melon pear
Q104032416	en	pepino
Q104032416	en	pepino dulce
Q104032416	en	pepino melon
Q104032416	en	tree melon
Q104032416	it	caciuma
Q104032416	it	pera-melone
Q104093105	en	Chinese preserving melon
Q104093105	en	waxgourd
Q104093105	en	white pumpkin
Q104093105	en	winter melon
Q104125130	en	tea absolute
Q104125130	en	thea sinensis oil
Q104126397	en	custard apple
Q104126397	en	hillbilly mango
Q104126397	en	paw-paw
Q104126397	en	paw-paw fruit
Q104126397	en	pawpaw fruit
Q104126397	en	prairie banana
Q104212	en	common hop
Q104212	en	hop
Q104212	it	Luppolo
Q104223904	en	Watercress
Q104246111	en	mirliton squash
Q104246111	en	pear squash
Q104412501	en	Japanese apricot
Q104412501	en	Japanese plum
Q104412501	en	green plum
Q104412501	en	sour green plum
Q104413481	en	Parsnips
Q104413481	en	neep
Q104413623	it	seme di zafferanone
Q1044186	en	Japanese red pine
Q1044186	en	Japanese umbrella pine
Q1044186	en	Korean red pine
Q1044186	en	Pinus funebris
Q1044186	en	tanyosho pine
Q1044186	it	pino rosso del Giappone
Q104586051	en	Java pepper
Q104586051	en	tailed pepper
Q104733765	en	Swedish turnip
Q104733765	en	neep
Q104733765	en	swede
Q104733765	en	turnip
Q104733765	it	navone
Q104738415	en	hazelnut, unspecified
Q104819	en	apple
Q104819	en	apples
Q104819	en	crabapple
Q10497217	en	pork sausage
Q105428070	en	lychee
Q1055316	en	algas
Q1062396	en	cacao
Q1062396	en	cocoa
Q1062396	en	cocoa solids
Q1062396	it	cacao
Q1062396	it	polvere di cacao
Q1062396	it	polvere di semi di cacao
Q1062627	en	blacksamson echinacea
Q1062627	en	echinacea
Q1062627	en	narrow-leaved purple coneflower
Q1062627	en	purple coneflower
Q106548449	en	Imperatoria
Q1072946	en	chile powder
Q1072946	en	chili powder blend
Q1072946	en	chilli powder
Q1072946	en	powdered chili
Q1072946	it	chili
Q1072946	it	chili in polvere
Q1072946	it	peperoncino
Q1072946	it	polvere di chili
Q1072946	it	polvere di peperoncino
Q107411	en	oysters
Q107804272	en	Aloo Bharta
Q107804272	en	Aloo chokha
Q10817602	en	anana
Q10817602	en	ananas
Q10860508	en	cabbage
Q108798661	en	fried chicken
Q10922464	en	cocoa tea
Q1093742	it	Citrus × limon
Q10943	en	cheeses
Q10949382	en	Orchid
Q109615251	en	beef roast
Q109615251	en	roasted beef
Q10978	en	grapes
Q10978	en	🍇
Q10987	en	Mel
Q10988133	en	cow milk
Q10988133	en	milk
Q10988133	en	whole milk
Q109902416	en	Pea
Q10998	en	Solanum tuberosum
Q10998	en	potato plant
Q10998	en	spud
Q10998	en	tater
Q10998	en	tattie
Q10998	it	Patata
Q11002	en	sugars
Q11004	en	vegetables
Q11004	en	veggie
Q11006	en	Glycine max
Q11006	en	soy
Q11006	en	soy bean plant
Q11006	en	soy plant
Q11006	en	soya
Q11006	en	soya bean plant
Q11006	en	soybean plant
Q11006	en	soybeans
Q11006	it	G. max
Q11006	it	Glycine max
Q1102633	en	Jasmin Absolute
Q1102633	en	Jasmine Oil
Q11027461	en	macadamia
Q11027461	it	macadamia
Q11027461	it	noci del Queensland
Q1103862	en	Matricaria Flower Oil
Q1103862	en	Matricaria Oil
Q1103862	en	Matricariae aetheroleum
Q1103862	en	chamomile oil
Q1103862	it	Matricariae aetheroleum
Q110474669	en	beans
Q110495337	en	roasted peanuts
Q110611268	en	Seville orange juice
Q11107842	en	java citronella
Q111096445	it	bacca di sambuco
Q1111359	en	sage
Q1111359	it	Erba moscatella
Q1111359	it	salvia
Q11142858	en	northern wild rice
Q11142858	en	wild rice
Q1118978	en	coriander oil
Q1118978	en	coriander seeds oil
Q1118978	it	olio di semi di coriandolo
Q111909135	en	mikan
Q111909135	en	satsuma mandarin
Q1119911	en	pecan
Q1119911	it	noce pekan
Q1119911	it	noci del pekan
Q1119911	it	noci di pecan
Q1119911	it	pecan
Q1119911	it	pekan
Q11254	en	culinary salt
Q11254	en	dietary salt
Q11254	en	dietary sodium
Q11254	en	edible salt
Q11254	en	salt
Q11254	en	sodium chloride, dietary
Q11254	it	sale
Q112618222	en	paprika
Q112618222	en	silique of paprika
Q112977543	en	Rice
Q1130245	en	cider
Q1130245	en	fizzy
Q1130245	en	lemon-lime
Q1130245	en	lemon-lime soda
Q1130245	en	lemon-lime soft drink
Q113461927	en	'Sunshine Blue' blueberry
Q113461927	en	blueberry
Q1135236	en	durian
Q1135606	en	Spondyliosoma cantharus
Q1135606	it	Cantaro
Q1135606	it	Tanuta
Q1137143	en	Canada hemlock
Q1137143	en	Canadian hemlock
Q1137143	en	Eastern hemlock-spruce
Q1137143	en	New England hemlock
Q1137143	en	Tsuga americana
Q1137143	en	common hemlock
Q1137143	en	eastern hemlock
Q1137143	en	hemlock spruce
Q113739	en	bonito flakes
Q113739	en	katsuo bushi
Q113739	en	katsuo-bushi
Q113739	it	Okaka
Q114264	en	kola nut
Q114264	en	kola nut tree
Q114264	en	kola tree
Q1145025	en	Magnolia sect. Michelia
Q1145286	it	Peccio del Caucaso
Q115626192	en	oat porridge
Q115626192	en	oatmeal
Q115626192	en	porridge
Q115626192	it	pappa d'avena
Q115626192	it	porridge
Q115626192	it	porridge d'avena
Q11575	en	Zea mays
Q11575	en	corn
Q11575	en	corn plant
Q11575	en	maize plant
Q11575	it	Z. mays
Q11575	it	granoturco
Q11575	it	granturco
Q11575	it	mais
Q11577	en	barley
Q11577	en	barley plant
Q11577	it	Orzo
Q1157813	en	Indian rosewood
Q1157813	en	Rose wood
Q1157813	en	Shisham
Q1157813	en	Sisoo
Q1157813	en	Sissoo
Q1157813	en	Sissoo tree
Q1157813	en	Sissu
Q1157813	en	Sisu
Q116007203	en	cottage cheese
Q116007203	en	tvarog
Q11643111	en	Chompoo Gaem Maem
Q11643111	en	Java apple
Q11643111	en	Java rose apple
Q11643111	en	Semarang rose-apple
Q11643111	en	wax apple
Q11643111	en	wax jambu
Q1166136	en	Lima bean
Q1166136	it	fagiolo di Lima
Q11678009	en	Daucus carota sativus
Q11678009	en	Daucus carota ssp. sativus
Q11678009	en	carrot
Q117068	en	Ilex paraguayensis
Q117068	en	Paraguay tea
Q117068	en	mate
Q117068	en	maté
Q117068	en	yerba maté
Q117068	it	Ilex curitibensis
Q117068	it	Ilex domestica
Q117068	it	Yerba mate
Q1177598	en	Myrrh Absolute
Q1177598	en	Myrrh Oil
Q1177598	en	Myrrh Resin
Q1177598	en	Myrrh Tincture
Q11853965	en	Lactuca sativa capitata
Q11853965	en	iceberg lettuce
Q11853965	en	lettuce
Q1190923	en	cordial
Q119173709	en	Bermuda Buttercup
Q119173709	en	Salts-of-lemon
Q119173709	en	Sorrel
Q1192868	it	Vongole
Q1193251	en	jacket potato
Q1193251	it	jacket potato
Q1193268	en	Loiseleuria procumbens
Q1193268	en	alpine azalea
Q1193268	en	alpine-azalea
Q1193268	en	trailing azalea
Q12036363	en	chicory
Q12047207	en	lady fingers
Q12047207	it	gombo
Q1208221	en	oat flakes
Q12117	en	cereal crop
Q12117	en	cereals
Q12117	it	cereali
Q1211742	en	crawdads
Q1211742	en	crawfish
Q1211742	it	gambero di acqua dolce
Q1211742	it	gambero di fiume
Q121599918	en	refined sugar
Q121599918	en	sugar
Q121671	en	nettle
Q121671	en	nettles
Q121671	it	Ortica
Q12227334	en	beet root juice
Q12227334	en	beet-root juice
Q12227334	en	beetroot juice
Q12227334	en	red beet juice
Q12252383	en	European raspberry
Q12252383	en	European red raspberry
Q12252383	en	raspberry
Q12252383	en	red raspberry
Q12252383	it	lampone
Q12252383	it	lampone europeo
Q12252383	it	lampone rosso
Q122948483	en	Rice
Q1230067	en	Basque country ham
Q1230067	en	cured ham
Q123122627	en	hogget
Q123122627	en	lamb
Q123122627	en	mutton
Q12330939	en	papaw
Q12330939	en	pawpaw
Q123576144	en	French bean
Q123576144	en	French beans
Q123663529	en	carrot
Q123663529	en	wild carrot taproot
Q12371971	en	brazil nut
Q12371971	it	noce amazzonica
Q12371971	it	noce del Brasile
Q12372598	en	plums
Q12372598	it	susina
Q1251367	en	Rosmarini aetheroleum
Q1251367	en	oil of rosemary
Q12533094	en	aubergine
Q12533094	en	eggfruit
Q12533094	en	mad apple
Q125337	en	mandarin
Q125337	en	mandarin orange
Q125337	en	mandarine
Q125337	en	tangerina
Q125337	it	mandarino
Q12563439	en	wort
Q1257814	en	threefin blenny
Q1257814	it	Peperoncino
Q125863016	en	Russian cigarettes
Q125863016	en	cigare
Q125863016	en	cigares
Q125863016	en	cigarette
Q125863016	en	cigarettes russes
Q1264088	en	anise hyssop
Q1264088	en	blue giant hyssop
Q1264088	en	lavender giant-hyssop
Q1264088	it	Agastache anethiodora
Q1264088	it	anice menta
Q12762973	en	sweet potatoes
Q12762973	it	batata
Q12762973	it	patata americana
Q128116	en	Picea canadensis
Q128116	en	White spruce
Q128257664	en	spaghetti dish
Q128257664	en	spaghetti meal
Q128685	en	eel
Q128685	en	eels
Q128685	it	Anguilliformi
Q12979	en	blush
Q12979	en	blush wine
Q12979	en	rosado
Q12979	en	rosato
Q12979	en	rose
Q12979	en	rose wine
Q12979	en	rosé
Q12979	en	rosé wine
Q12979	it	rosato
Q12979	it	rosé
Q12979	it	vino rosa
Q12979	it	vino rosé
Q13042834	it	cozze
Q1304478	en	Citrus limonia
Q1304478	en	Citrus × limonia
Q1304478	en	Citrus ×limonia
Q1304478	en	Sylhet lime
Q1304478	en	lemandarin
Q1304478	it	Citrus limonia
Q1304542	en	Guineafowl
Q1306953	en	Orchid
Q1308561	en	Mexican cypress
Q1308952	en	Orchid
Q13099586	en	pears
Q1311395	en	scallop
Q131224	it	Thimus
Q131224	it	Timo
Q1312604	en	Orchid
Q1312610	en	Orchid
Q1312899	en	Orchid
Q1312899	en	short haired paphiopedilum
Q1312911	en	Orchid
Q1312962	en	Orchid
Q1312983	en	Orchid
Q131419	it	salume insaccato
Q131517	en	Grintche
Q131517	en	dwarf cherry
Q131517	en	sour cherry
Q131517	en	tart cherry
Q131517	it	ciliegio acido
Q131517	it	ciliegio aspro
Q13158	en	Fragaria ananassa ex
Q13158	en	Fragaria × ananassa
Q13158	en	Fragaria ×ananassa
Q13158	en	garden strawberry
Q13158	en	strawberries
Q13158	en	strawberry plant
Q13158	it	Fragaria × ananassa
Q131584	en	Opium papaver somniferum
Q131584	en	opium poppy
Q131584	it	papavero da oppio
Q131748	en	culinary mustard
Q131748	en	mustard condiment
Q13178	en	Vaccinium Cyanococcus
Q13178	en	Vaccinium sect. Cyanococcus
Q13179	en	hindberry
Q13179	en	raspberries
Q13180	en	blackberry
Q13180	en	bramble
Q13180	it	mora
Q13181	en	Vaccinium subg. Oxycoccus
Q13181	en	cranberries
Q13181	en	fox-musked blueberry
Q13181	it	Vaccinium subg. Oxycoccus
Q13181	it	cranberry
Q13181	it	mirtillo palustre
Q13181	it	mortella di palude
Q13181	it	ossicocco
Q13182	en	litchi
Q13182	en	lychee
Q13182	it	Ciliegia della Cina
Q13182	it	litchi
Q13186	en	dried raisin
Q13186	en	raisins
Q13186	it	uvetta
Q13187	en	cocoanut
Q13187	en	coconut
Q13187	en	coconut palm
Q13187	en	coconut palm tree
Q13187	en	coconut tree
Q13187	it	palma da cocco
Q13187	it	palme da cocco
Q13189	en	peach
Q13189	en	peach tree
Q13189	en	peachtree
Q13189	it	pesco
Q13191	en	citrus orange
Q13191	en	orange fruit
Q13194	en	Chinese gooseberry
Q13194	en	kiwi
Q13194	en	kiwi fruit
Q13194	it	uva spina cinese
Q13194939	en	codfish
Q13195	en	green lemon
Q13195	en	lime fruit
Q13195	en	sour lime
Q13195	it	lima
Q13195	it	lime
Q13202263	en	fruit of peach trees
Q13202263	en	peach fruit
Q13202263	en	peachfruit
Q13228	en	dairy cream
Q13228	en	heavy cream
Q13228	en	milk cream
Q13228	en	sweet cream
Q13228	it	crema di latte
Q1324704	en	Orchid
Q13261	en	chocolate tea
Q13261	en	cocoa
Q13261	en	drinking chocolate
Q13261	en	hot cocoa
Q132624	en	Roman caraway
Q132624	en	Roman cumin
Q132624	en	cheese cumin
Q132624	en	cumin
Q132624	en	cumin plant
Q132624	en	spice caraway
Q132624	en	spice cumin
Q132624	it	Cumino
Q132624	it	Cumino romano
Q132655	en	fenugreek
Q132655	en	fenugreeks
Q133128	en	Scots Pine
Q133128	it	Pini silvestri
Q133128	it	Pino silvestre
Q133128	it	Pinus silvestris
Q133128	it	Pinus sylvestris hamata
Q13317	en	yaghurt
Q13317	en	yoghurt
Q13317	en	zabadi
Q133205	en	fenugreek
Q133205	en	sickle-fruit fenugreek
Q133205	it	Trigonella foenum graecum
Q133205	it	fieno greco
Q1332518	en	Orchid
Q133290	en	rose apple
Q133290	it	Chiodi di garofano
Q1334892	en	Chaenomeles sinensis
Q1334892	en	Chinese quince
Q1334892	en	Suanmugua
Q1335704	en	Fig
Q13360268	en	Brassica rapa subsp. pekinensis
Q13360268	en	Chinese cabbage
Q13360268	en	Chinese leaf
Q13360268	en	Pe tsay
Q13360268	en	pe-tsai
Q13360268	en	petsai
Q13360268	en	wombok
Q13360268	it	Brassica rapa pekinensis
Q134185	it	durione
Q134283	en	oregano
Q134283	en	wild marjoram
Q134283	it	origano
Q1342976	en	French lavender
Q1342976	en	cassidony
Q1342976	en	stechados
Q1342976	en	stickadove
Q1342976	en	stoechas
Q1342976	en	stœchas
Q134339	en	Salmon
Q134339	it	Acantholingua
Q134339	it	Acantholingua ohridana
Q134339	it	Carpione del lago di Ocrida
Q134339	it	Carpione di Ocrida
Q1346036	en	Celery
Q1346036	en	Naufraga
Q134704040	en	Bread
Q134710857	en	blackberry juice
Q134999560	en	pesto
Q134999560	en	pestos
Q135003473	en	Agricultural seed
Q135003539	en	Indian holy herb
Q135003623	en	Sacred turmeric
Q135092112	en	Oyster
Q135092112	en	Oysters
Q135119	en	cuttlefish
Q135119	it	Seppia
Q135119	it	Seppie
Q1357371	en	Cockscomb mint
Q136363181	en	citronella oil
Q136486150	en	Spaghetti
Q136758154	en	kruškovača
Q137373435	en	blueberries
Q137373435	en	blueberry fruit
Q137373481	en	bilberry
Q137373481	en	blaeberry
Q137373481	en	blue whortleberry
Q137373481	en	common bilberry
Q137373481	en	whortleberry
Q137373481	en	wimberry
Q137505841	en	Thai lime
Q137505841	en	kaffir lime fruit
Q137505841	en	makrut lime
Q137712066	en	watermelon flavor
Q137712066	en	watermelon flavored
Q137712066	en	watermelon flavoring
Q137931	en	hyssop
Q137931	it	Hyssopus officinalis
Q137931	it	issopo officinale
Q1380	en	pepper
Q138044	en	Cypress
Q1381864	en	Orchid
Q1382423	en	Corinth raisin
Q1382423	en	Corinthian raisin
Q1382423	en	black raisin
Q138690919	en	smoked sausage
Q139023	en	Prickly pear
Q139031993	en	lemon rind
Q1394414	en	hoop pine
Q139546706	en	roast nut
Q139546706	en	roast nuts
Q139546706	en	roasted nut
Q139556028	en	Oleum amygdalarum amarum
Q139556028	en	Prunus amygdalus amara oil
Q139556028	en	oil of bitter almonds
Q139678670	en	dillseed
Q140389101	en	grape juice
Q140389101	en	grape juice must
Q140389101	en	grape must
Q140472988	en	gin
Q140550350	en	roselle
Q140651413	en	Minestrina di piselli pancetta
Q140651413	en	pomodoro
Q140651413	it	Minestrina di piselli pancetta
Q140651413	it	pomodoro
Q140651430	en	guanciale
Q140651430	en	lardo
Q140651430	it	guanciale
Q140651430	it	lardo
Q140651454	en	Bitiru
Q140651454	en	Burro
Q140651454	it	Bitiru
Q140651454	it	Burro
Q140651503	en	Riso
Q140651503	en	carciofi all’uso di Trani
Q140651503	it	Riso
Q140651503	it	carciofi all’uso di Trani
Q140652223	en	ricotta
Q140652425	en	Gnocchi
Q140652425	it	Gnocchi
Q140653203	en	Lumache
Q140653203	it	Lumache
Q140653221	en	Guanciale
Q140653221	it	Guanciale
Q140654738	en	Tiella di funghi
Q140654738	en	Tiella di funghi e patate
Q140654738	en	Tièdde di patate
Q140654738	en	funghi
Q140654738	it	Tiella di funghi
Q140654738	it	Tiella di funghi e patate
Q140654738	it	Tièdde di patate
Q140654738	it	funghi
Q140655186	en	Minestra del paradiso
Q140655186	en	Minestrino di Pasqua
Q140655186	en	Ris coun la terdura
Q140655186	en	Ris cun la tràdura
Q140655186	en	Riso
Q140655186	en	tevdura
Q140655186	it	Minestra del paradiso
Q140655186	it	Minestrino di Pasqua
Q140655186	it	Ris coun la terdura
Q140655186	it	Ris cun la tràdura
Q140655186	it	Riso
Q140655186	it	tevdura
Q140655190	en	fragole
Q140655190	en	frutti di bosco
Q140655190	en	lamponi
Q140655190	en	mele
Q140655190	en	menta
Q140655190	en	prugne
Q140655190	it	fragole
Q140655190	it	frutti di bosco
Q140655190	it	lamponi
Q140655190	it	mele
Q140655190	it	menta
Q140655190	it	prugne
Q140655192	en	bucatini
Q140655192	en	linguine di passero
Q140655192	en	mezze maniche
Q140655192	en	perciatelli
Q140655192	en	rigatoni
Q140655192	en	spaghetti
Q140655192	it	bucatini
Q140655192	it	linguine di passero
Q140655192	it	mezze maniche
Q140655192	it	perciatelli
Q140655192	it	rigatoni
Q140655192	it	spaghetti
Q14088	en	Cookbook:Mozzarella Cheese
Q14088	en	mozzarella cheese
Q14088	it	Mozzarella Tradizionale STG
Q1411808	en	sheep cheese
Q1411808	en	sheep's-milk cheese
Q14169150	en	camomile
Q1418112	en	Persian hogweed
Q1418112	en	Tromsø palm
Q1418112	en	golpar
Q1418112	en	hogweed
Q1418287	en	goat milk
Q1418287	en	goat's milk
Q1421117	en	Eulithis mellinata
Q142269	en	orchid
Q142269	en	orchids
Q14328596	en	cabage
Q14328596	en	cabagge
Q14328596	it	cavolo cappuccio
Q14458220	en	strawberries
Q1458114	it	arrack
Q145939	en	California white fir
Q145939	en	Colorado fir
Q145939	en	Low's fir
Q145939	en	Rocky Mountain white fir
Q145939	en	balsam fir
Q145939	en	concolor fir
Q145939	en	white fir
Q145939	en	white silver fir
Q146030	it	rutacee
Q146037	it	Cupressacee
Q146118	en	angel eyes
Q146118	it	Geranio
Q146172	en	Chamomile
Q146190	en	Canadian sunflower
Q146190	en	Jerusalem artichoke
Q146190	en	earth apple
Q146190	en	lambchoke
Q146190	en	sunchoke
Q146190	en	sunroot
Q146190	en	topinambour
Q146190	en	topinambur
Q146190	it	Rapa tedesca o Carciofo di Gerusalemme
Q146190	it	carciofo di Gerusalemme
Q146190	it	ciapinabò
Q146190	it	girasole del Canada
Q146190	it	rapa tedesca
Q146190	it	topinambour
Q146190	it	topinambur
Q14625808	en	cardamom seeds
Q14625808	en	cardamon
Q14625808	en	cardamum
Q14625808	en	ground cadamom
Q14625808	it	Elettaria cardamomum
Q146281	en	European pear
Q146281	en	pear
Q146470	it	arzente
Q146470	it	brandi
Q14650718	en	wheat bread
Q14650718	en	whole-wheat bread
Q14650718	en	wholemeal bread
Q146604	en	black currant
Q146604	en	blackcurrant
Q146604	en	cassis
Q146604	it	cassis
Q146604	it	ribes nero
Q146661	en	red currant
Q146661	en	redcurrant
Q146661	it	ribes rosso
Q146684	en	Alpine strawberry
Q146684	en	Carpathian strawberry
Q146684	en	European strawberry
Q146684	en	wild strawberry
Q146684	en	woodland strawberry
Q146684	it	fragola di bosco
Q146684	it	fragolina di bosco
Q146911	en	cypress
Q146911	it	cipressi
Q146911	it	cipresso
Q146967	en	Vaccinium uliginosum
Q146967	en	bog blueberry
Q146967	it	falso mirtillo
Q146967	it	mirtillo blu
Q146967	it	mirtillo delle paludi
Q146992	en	Abies pectinata
Q146992	en	European silver fir
Q146992	en	silver fir
Q146992	it	Abete bianco
Q146992	it	Abeti bianchi
Q146992	it	Abies pectinata
Q1470519	en	Fennel Oil
Q1470519	en	Fennel Seed Extract
Q1470519	en	fennel fruit oil
Q1470762	en	fruit
Q1470762	en	vegetable
Q147096	en	Citrus aurantium
Q147096	en	Citrus x aurantium
Q147096	en	Seville orange
Q147096	en	bigarade orange
Q147096	en	bitter orange
Q147096	en	marmalade orange
Q147096	en	sour orange
Q147096	it	Arancia amara
Q147096	it	Arancio amaro
Q147096	it	Citrus aurantium
Q147096	it	Melangolo
Q147096	it	Zhi shi
Q14714085	en	red currant
Q147202	en	Brassica oleracea var. caulo-rapa
Q147202	en	Brassica oleracea var. gongylodes
Q147202	en	Calarabi
Q147202	en	Gongylodes
Q147202	en	Gongylodes Group
Q147202	en	Knolkhol
Q147202	en	Kohl Rabi
Q147202	en	Kohl rabi
Q147202	en	Kohl-rabi
Q147202	en	Kolrabi
Q147202	en	Turnip cabbage
Q147202	it	Cavolo rapa
Q1472074	en	cypress
Q1472074	en	cypress pine
Q1472074	en	sandplain cypress
Q147388	en	Japanese cedar
Q147388	en	sugi
Q147388	it	Criptomeria
Q1474	en	Cichorium intybus var. foliosum
Q1474	en	chicory
Q1474	en	witloof
Q147468	en	Northern Whitecedar
Q147468	it	Thuya occidentalis
Q147468	it	Tuia occidentale
Q147651	it	crema di arachidi
Q147651	it	crema di noccioline
Q147651	it	peanut butter
Q1479657	en	parsnip
Q1479657	en	parsnips
Q148396	en	balm
Q148396	en	balm mint
Q148396	en	bee balm
Q148396	en	common balm
Q148396	en	lemon balm
Q148396	it	Melissa officinalis
Q148396	it	erba bergamotta
Q148396	it	melissa vera
Q14847254	en	Asteraceae
Q148613	en	Prickly pear
Q148630	en	Savin Juniper
Q148630	it	Ginepro sabina
Q148668	en	Thyme
Q148668	it	timo
Q1493	en	anana
Q1493	en	ananas
Q1493	en	pineapple
Q149372	en	flowering currant
Q149372	en	red currant
Q149372	en	red flowering currant
Q149372	en	red-flowering currant
Q149372	en	redflower currant
Q149397	en	American cranberry
Q149397	en	bearberry
Q149397	en	large cranberry
Q149397	it	mirtillo rosso americano
Q149397	it	ossicocco americano
Q149471	en	balsam poplar
Q149471	en	bam
Q149471	en	bamtree
Q149471	en	eastern balsam-poplar
Q149471	en	hackmatack
Q149471	en	tacamahac poplar
Q149471	en	tacamahaca
Q14959	en	chicle
Q14959	en	chico
Q14959	en	chicozapote
Q14959	en	naseberry
Q14959	en	nispero
Q14959	en	sapodilla
Q14959	en	sapota
Q14959	en	sapote
Q14959	it	níspero
Q14959	it	sapodilla
Q14959	it	sapotiglia
Q14959225	en	pistachio
Q14959225	en	pistacio
Q1497305	en	Orchid
Q150064	it	canarone
Q150064	it	cedro
Q15040901	en	slender cypress-pine
Q150452	en	watercress
Q150452	en	yellowcress
Q150452	it	Nastrutium officinale
Q150452	it	Nasturtium officinale
Q150452	it	Rorippa nasturtium-aquaticum
Q150452	it	agretto
Q150452	it	allegretto
Q150452	it	arbuletta
Q150452	it	ascione
Q150452	it	erba da scorbuto
Q150452	it	gressa
Q150452	it	grisso
Q150452	it	nasturzio acquatico
Q15046077	en	ginger root
Q15046077	en	ginger spice
Q1505704	en	Rubus loganobaccus
Q1505704	en	Rubus × loganobaccus
Q15062992	en	black bean
Q15062992	en	black beans
Q1517781	en	prawn
Q1517781	it	caridea
Q152	en	Рыбы
Q152	en	рыбы
Q1521039	en	beebalm
Q1521039	en	wild bergamot
Q15260613	en	chicken eggs
Q15260613	en	egg
Q15260613	en	hen egg
Q15260613	en	hen eggs
Q15260613	it	uova di gallina
Q15281388	en	chamomile
Q15281388	en	common chamomile
Q15296051	en	Orchid
Q15335923	en	ginger
Q15336056	en	ginger
Q15336133	en	ginger
Q15336187	en	ginger
Q15341809	en	Mentha verticillata
Q15343171	en	ginger
Q15362837	en	Beech
Q15362837	en	Miliusa
Q15367174	en	Durian
Q15367174	en	Durio testudinarum
Q15367174	it	Durio testudinarum
Q154	en	alcohol beverage
Q154	en	alcoholic drink
Q154	en	drink
Q154	en	spirituous beverage
Q154	it	alcolico
Q154166	en	sour cabbage
Q154166	it	cappucci acidi
Q154166	it	cavoli acidi
Q154166	it	salcrauti
Q154166	it	sarcrauti
Q15431140	en	Orchid
Q15434899	en	Orchid
Q15437740	en	Orchid
Q15442046	en	Orchid
Q15442180	en	Orchid
Q15442714	en	Orchid
Q15443242	en	Orchid
Q15443975	en	Orchid
Q15444090	en	Orchid
Q15444125	en	Orchid
Q15445149	en	Orchid
Q15447283	en	Orchid
Q15448218	en	Orchid
Q15448391	en	Orchid
Q15460508	en	Orchid
Q15465606	en	Orchid
Q15472658	en	Orchid
Q15474178	en	Orchid
Q15476088	en	Fig
Q15477020	en	Orchid
Q15478324	en	Orchid
Q15478887	en	Oeceoclades longebracteata
Q15478887	en	Orchid
Q15479261	en	Orchid
Q15479435	en	Orchid
Q15480296	en	Orchid
Q1548030	en	pepper
Q1548030	en	sweet pepper
Q1548030	en	sweet peppers
Q1548030	it	peperone dolce
Q15482965	en	Orchid
Q15483102	en	Orchid
Q15483635	en	Orchid
Q15484188	en	Orchid
Q15488468	en	Orchid
Q15489635	en	Orchid
Q15492723	en	Orchid
Q15492845	en	Orchid
Q15493048	en	Orchid
Q15493970	en	Orchid
Q15494932	en	Orchid
Q15496798	en	Orchid
Q15497391	en	Orchid
Q1552597	en	Cypress
Q15545507	en	Prunus dulcis
Q15545507	en	almond
Q15545507	en	almond tree
Q15566937	en	Wild grape
Q155814	en	Artemisia dracunculus
Q155814	it	Artemisia dracunculus
Q155814	it	Dragoncello o estragone
Q15588942	en	Vasconcellea cundinamarcensis
Q15588942	en	Vasconcellea pubescens
Q15588942	it	Vasconcellea cundinamarcensis
Q155922	en	Parmesan cheese
Q155922	en	Parmigiano
Q155922	en	Parmigiano Reggiano
Q155922	en	Parmigiano-Reggiano
Q155922	it	Parmigiano
Q155922	it	Parmigiano Reggiano
Q155945	it	Geraniacee
Q156037	en	Mentha piperita
Q156037	en	Mentha x piperita
Q156037	en	Peppermint
Q156037	en	peppermint
Q156037	it	Menta di pancalieri
Q156037	it	Menta piperita
Q156037	it	Mentha x piperita
Q15607402	en	Starfruit
Q156099	en	carnation
Q156099	it	Garofano
Q15622897	en	Caryophylli Flos
Q15622897	en	clove flower
Q15622897	en	cloves
Q156301	it	Caprifogliacee
Q156301	it	Caprifoliacee
Q156354	en	coffee
Q156354	en	coffee plant
Q156354	en	coffee tree
Q156421	en	mugwort
Q156421	en	mugworts
Q156421	en	sagebrush
Q156421	en	sagebrushes
Q156421	en	wormwood
Q156421	en	wormwoods
Q15645384	en	wheat grain
Q15645384	it	frumento
Q15645384	it	tritico
Q156522	en	pepper family
Q156522	en	peppers
Q156522	it	piperacee
Q15660894	en	tortilla de maíz
Q15660894	en	tortillas
Q15660894	it	Tortillas
Q156790	en	guarani
Q156790	en	passion fruit
Q156790	en	passionfruit
Q156790	it	Frutto della passione
Q156790	it	Maracuja
Q156957	en	May cherry
Q156957	en	amelanchier
Q156957	en	chuckley pear
Q156957	en	chuckley pears
Q156957	en	currant
Q156957	en	juneberries
Q156957	en	juneberry
Q156957	en	sarvis
Q156957	en	sarvisberries
Q156957	en	sarvisberry
Q156957	en	saskatoon
Q156957	en	saskatoons
Q156957	en	serviceberries
Q156957	en	serviceberry
Q156957	en	shadblow
Q156957	en	shadblows
Q156957	en	shadbush
Q156957	en	shadbushes
Q156957	en	shadwood
Q156957	en	shadwoods
Q156957	en	sugarplum
Q156957	en	sugarplums
Q156957	en	wild-plum
Q156957	en	wild-plums
Q156960	it	Verbenacee
Q157151	en	sage
Q157151	en	sage genus
Q157151	en	sages
Q157211	en	cranesbill genus
Q157211	en	cranesbills
Q157211	en	geraniums
Q157283	en	Summer savory
Q157449	en	Lilac
Q157449	it	Lillà
Q157449	it	Serenella
Q157618	en	Common Fumitory
Q157618	it	Fumaria officinale
Q157649	en	sumac
Q157649	en	sumacs
Q157649	it	Sommacco
Q157819	en	common valerian
Q157819	en	valerian
Q157819	it	Erba dei Gatti
Q157819	it	Valeriana comune
Q157872	en	clary
Q157872	en	clary sage
Q158008	en	Acorus roseau
Q158008	en	calamus
Q158008	en	calamus aromaticus
Q158008	en	flag root
Q158008	en	myrtle flag
Q158008	en	myrtle grass
Q158008	en	sweet calamus
Q158008	en	sweet calomel
Q158008	en	sweet-flag
Q158008	en	sweetflag
Q158008	en	sweetroot
Q158008	it	Acoro
Q158008	it	Calamo
Q158008	it	Calamo aromatico
Q158094	en	goosefoots
Q158094	it	Chenopodio
Q158094	it	Farinello
Q158464	en	Brassica campestris var. napobrassica
Q158464	en	Brassica napus subsp. rapifera
Q158464	en	Yellow rutabagas
Q158464	en	neep
Q158464	en	rutabaga
Q158464	en	swede
Q158464	en	turnip
Q158464	it	navone
Q158468	en	Jamaica pepper
Q158468	en	myrtle pepper
Q158468	en	pimenta
Q158468	en	pimento
Q158468	it	Pepe della Giamaica
Q158468	it	Pimento
Q158576	en	common wood-sorrel
Q158576	en	wood-sorrel
Q158576	it	Acetosella
Q158576	it	Acetosella dei boschi
Q158657	en	apple
Q158657	en	domestic apple
Q158657	it	Malus domestica
Q158722	en	Camphora officinarum
Q158722	en	camphor laurel
Q158722	en	camphor tree
Q158722	en	camphorwood
Q158722	it	Albero della canfora
Q158722	it	Canforo
Q15875509	en	Swiss cheese
Q158758	en	Hyacinthus
Q158758	it	Giacinto
Q158776	en	European hornbeam
Q158776	en	common hornbeam
Q158776	it	Carpino bianco
Q1587861	en	Corsican helichrysum
Q1587861	en	Italian strawflower
Q1587861	en	curry plant
Q1587861	en	everlasting flower
Q1587861	en	immortelle
Q1587861	it	Elicriso
Q158954	en	Valerianella locusta
Q158954	en	feldsalat
Q158954	en	fetticus
Q158954	en	field salad
Q158954	en	lamb's lettuce
Q158954	en	mâche
Q158954	en	nut lettuce
Q158954	en	rapunzel
Q158954	it	Dolcetta
Q158954	it	Formentino
Q158954	it	Insalata Valeriana
Q158954	it	Serzetto
Q158954	it	Valerianella locusta
Q158983	en	chokeberries
Q158983	en	chokeberry
Q158984	en	carnation
Q158984	en	clavell
Q158984	en	clove gilly-flower
Q158984	en	clove pink
Q158984	en	gillyflower
Q158984	en	pinks
Q158984	en	wild carnation
Q158984	it	garofano
Q158986	en	cherimoya
Q158986	en	cherimoyer
Q158986	it	Anona
Q158986	it	Cherimoya
Q158986	it	Cirimoia
Q159030	en	Canada serviceberry
Q159030	en	Canadian serviceberry
Q159030	en	bilberry
Q159030	en	chuckle-berry
Q159030	en	currant-tree
Q159030	en	eastern serviceberry
Q159030	en	juneberry
Q159030	en	serviceberry
Q159030	en	shad-blow
Q159030	en	shad-blow serviceberry
Q159030	en	shadblow
Q159030	en	shadbush
Q159030	en	shadbush serviceberry
Q159030	en	sugarplum
Q159030	en	swamp shadbush
Q159030	en	thicket serviceberry
Q159218	en	Mapello
Q159218	en	Monk's-hood
Q159218	en	aconite
Q159218	en	wolf's bane
Q159218	it	Aconito
Q159218	it	Aconito napello
Q159218	it	Mapello
Q159218	it	Napello
Q159218	it	Strozzalupo
Q159370	en	Cheiranthus cheiri L.
Q159370	en	wallflower
Q159528	en	blue gum
Q159528	en	southern blue gum
Q159528	it	Eucaljptus globulus
Q159532	en	Piper betle
Q159546	en	Sicilian sumac
Q159546	en	Sumac
Q159546	en	tanner's sumac
Q159546	it	Sommacco siciliano
Q159546	it	Sommaco
Q159587	en	Black radish
Q159587	en	Raphanus sativus var. niger
Q159587	it	radici d'inverno
Q159587	it	rafano
Q159587	it	ramolaccio
Q159753	en	Phaseolus coccineus
Q159753	en	fancy bean
Q159753	en	multiflora bean
Q159753	en	runner bean
Q159753	en	scarlet runner bean
Q159753	en	seven year bean
Q159753	it	Fagiolo Corona
Q159753	it	Fagiolo di Spagna
Q1599733	en	Orchid
Q160092	en	aqpik
Q160092	en	averin
Q160092	en	bakeapple
Q160092	en	cloudberry
Q160092	en	evron
Q160092	en	knotberry
Q160092	en	knoutberry
Q160092	en	low-bush salmonberry
Q160092	it	camemoro
Q160092	it	rovo artico
Q160097	en	Garlic mustard
Q160097	en	Garlic root
Q160097	en	Hedge garlic
Q160097	en	Jack-by-the-hedge
Q160097	en	Penny hedge
Q160097	en	Poor man's mustard
Q160097	en	Sauce-alone
Q160097	it	Allaria
Q160097	it	Alliaria officinalis
Q160114	en	common mint
Q160114	en	garden mint
Q160114	en	lamb mint J
Q160114	en	mackerel mint
Q160114	en	spearmint
Q160114	it	Mentha viridis
Q160186	en	winter savory
Q160585	en	Mentha arvensis
Q160585	en	field mint
Q160585	en	wild mint
Q160585	it	Menta dei campi
Q160585	it	Menta selvatica
Q160585	it	Mentastro
Q161040	en	black mulberry
Q161040	en	blackberry
Q161040	it	Moro
Q161040	it	gelso nero
Q161116	en	bull bay
Q161116	en	magnolia
Q161116	en	southern magnolia
Q161160	en	common melilot
Q161160	en	field melilot
Q161160	en	yellow sweetclover
Q161160	it	Meliloto
Q161232	en	water mint
Q161232	it	Menta acquatica
Q161235	en	pennyroyal
Q16128920	en	berries
Q16128920	en	berry fruit
Q16128920	en	forest fruits
Q16128920	en	soft fruit
Q16128920	en	soft fruits
Q16128920	it	berry fruit
Q16128920	it	frutti rossi
Q161316	en	black garlic
Q161316	en	broad-leaved leek
Q161316	en	broadleaf garlic
Q16131953	en	Sicilian sumac
Q16131953	en	sumach
Q16131953	en	sumaq
Q161360	en	Lawson cypress
Q161360	en	Lawson's Cypress
Q161360	en	Port Orford cedar
Q161360	it	Cipresso di Lawson
Q161361	en	Italian clover
Q161361	en	crimson clover
Q16136843	en	jack fruit
Q16136843	en	jackfruit-tree fruit
Q16136843	en	nangka fruit
Q16136843	it	catala
Q161417	en	Vervain
Q161426	en	Rice
Q161426	en	paddy
Q161426	it	riso
Q1616237	en	Orchid
Q16164388	en	plum liqueur
Q16164388	en	plum liquor
Q16164388	en	plum wine
Q161927	en	Cubeb
Q161927	it	Cubebe
Q161937	en	wall germander
Q162044	en	vanilovník
Q162078	it	cacao
Q1621080	it	Olive
Q1621080	it	Olive nere
Q162736	en	Japanese hop
Q162736	en	wild hop
Q162774	en	black chokeberry
Q162829	en	Virginia bird cherry
Q162829	en	bitterberry
Q162829	en	black chokecherry
Q162829	en	chokecherry
Q162829	en	western chokecherry
Q163050	en	Dutch-lily
Q163050	en	tulip
Q163050	en	wild tulip
Q163050	en	woodland tulip
Q163522	en	Chinese gooseberry
Q163522	en	golden kiwi
Q163522	en	kiwi
Q163522	en	kiwi fruit
Q163522	en	yellow kiwi
Q163522	it	Kiwi
Q163522	it	Summer kiwi
Q163563	en	ginger
Q163563	en	gingers
Q16398	en	sherry wine
Q16398	it	Jerez
Q16398	it	Jerez-Xérès-Sherry
Q16398	it	Xérès
Q1642983	en	purple cone flower
Q1642983	en	purple coneflower
Q16472509	en	Paprika
Q165112	en	pop-corn
Q165112	en	popcorns
Q165112	en	popped corn
Q165112	en	popped popcorn
Q165112	en	popping corn
Q165112	it	mais scoppiato
Q165112	it	pop corn
Q165112	it	pop-corn
Q165191	en	beet
Q165191	en	sea beet
Q165191	it	Beta vulgaris
Q165199	en	chile
Q165199	en	chile pepper
Q165199	en	chili
Q165199	en	chilli
Q165199	en	chilli pepper
Q165199	en	hot pepper
Q165199	en	spicy chili pepper
Q165199	en	spicy pepper
Q1652093	it	Datteri
Q165227	en	Cape gooseberry
Q165227	en	Peruvian groundcherry
Q165227	en	golden berry
Q165227	en	goldenberry
Q165227	en	goose berry
Q165227	en	ground cherry
Q165227	en	groundcherry
Q165227	en	physalis
Q165250	en	Ruda
Q165250	en	common rue
Q165250	en	rue
Q165260	en	Rattan palm
Q165278	en	Esox lucius
Q165278	en	Northern pike
Q165278	en	freshwater shark
Q165278	en	ged
Q165278	en	hacot
Q165278	en	haked
Q165278	en	jack
Q165278	en	luce
Q165278	en	pickerel
Q165278	en	true pike
Q165278	en	wolf
Q165278	it	Esox lucius
Q165290	en	vervain
Q165308	en	MbMB
Q165308	en	Telfairia ocbu 8cidentalis vine,
Q16533773	it	brioche
Q16533773	it	brioche col tuppo
Q16533773	it	brioscia cû tuppu
Q165354	en	C. aurantifolia
Q165354	en	Citrus aurantifolia
Q165354	en	Citrus aurantiifolia
Q165354	en	Citrus × aurantifolia
Q165354	en	Key lime
Q165354	it	Citrus aurantifolia
Q165354	it	Citrus aurantiifolia
Q165354	it	lime
Q165354	it	limetta
Q165437	en	Beetroot
Q165437	en	Beta vulgaris subsp. vulgaris Conditiva Group
Q165437	en	beetroot
Q165437	en	garden beet
Q165437	en	red beet
Q165437	en	table beet
Q165437	it	Beta vulgaris subsp. rapacea var. conditiva
Q165507	it	rafano
Q165527	en	apricot seed
Q165527	it	armelline
Q165527	it	seme di albicocca
Q16587531	en	spud
Q166843	en	Psidium guayava
Q166843	en	apple guava
Q166843	en	common guava
Q166843	en	guava
Q166843	en	lemon guava
Q166843	en	yellow guava
Q166843	it	Guava
Q166843	it	Guayaba
Q166843	it	Guiava
Q166843	it	Guiavo
Q166843	it	Gwava
Q166843	it	Pero delle Indie
Q166843	it	Psidio
Q166843	it	Psidium Guajava L.
Q166843	it	Psidium guayava
Q167296	en	alcoholic cider
Q167296	en	hard apple cider
Q167296	en	hard cider
Q167881	en	Japanese pepper
Q167881	en	Japanese prickly-ash
Q169	en	Mangifera indica
Q169	en	mangoes
Q170219	en	Japanese rice wine
Q170219	en	Sake
Q170219	en	nihonshu
Q170219	en	saki
Q170219	en	saké
Q170219	en	seishu
Q170219	it	sake
Q1703489	en	jonquil
Q1703489	en	jonquille
Q1703489	en	rush daffodil
Q1703489	it	Giunchiglia
Q170662	en	mangostan
Q170662	en	mangosteen
Q170662	it	Mangostano
Q1709343	en	Brazilian pawpaw
Q1709343	en	Prickly custard apple
Q1709343	en	graviola
Q1709343	en	guyabano
Q1709343	en	soursop
Q1709343	it	Graviola
Q1709343	it	Guanabana
Q17141829	en	Boston bean
Q17141829	en	haricot
Q17141829	en	pea bean
Q17141829	en	pearl haricot
Q17141829	en	white pea bean
Q171892	en	lavendels
Q171892	en	lavender
Q171892	it	Lavanda
Q1721876	en	cocoa liquor
Q1721876	en	cocoa mass
Q1721876	en	cocoa paste
Q1721876	it	liquore di cacao
Q17249859	en	`ohelo kau la`au
Q17249859	en	`ohelo,
Q17249859	en	blueberry
Q17249859	en	ohelo kau la'au
Q17249859	en	tree ʻōhelo
Q17250901	en	`ohelo
Q17250901	en	blueberry
Q17270998	en	tuberose
Q17320852	en	Orchid
Q173265	en	Crisps
Q173265	en	chip
Q173265	en	crisp
Q173265	en	potato chips
Q173265	en	potato crisp
Q173265	it	patatine
Q17504707	en	tuna fish
Q17504707	en	tunafish
Q17507129	en	Citrullus lanatus
Q17507129	it	Citrullus vulgaris
Q17507129	it	Cucumis citrullus
Q17537212	en	Solanum subg. Potatoe
Q17537212	it	Solanum subg. Potatoe
Q1757029	it	Limaccia
Q1757029	it	Lumache
Q1757029	it	Lumacone
Q1760637	en	badiam
Q1760637	en	staranise
Q1760733	en	horsemint
Q1762933	en	seed of cultivated plants
Q1762933	en	seed stock
Q1762933	en	seeds
Q1762933	en	sowing seed
Q17745752	en	bastard ironwood
Q17745752	en	popwood
Q17745752	en	sandalwood
Q177932	en	oilseed rape
Q177932	en	rape
Q177932	en	rapeseed
Q177932	it	colza
Q178547	en	endive
Q1786125	en	Omega-3 marine triglycerides
Q1786125	en	fish oils
Q1791749	en	blueberry
Q18010363	en	plant
Q18010363	en	weed
Q1801446	en	filbert
Q1807269	en	leeks
Q18078629	en	Red currant
Q181055	en	coney
Q181055	en	frankfurter
Q181055	en	glizzy
Q181055	en	hotdog
Q181055	en	wiener
Q181055	it	hot-dog
Q181055	it	hotdog
Q181095	en	Tobacco
Q181095	en	cultivated tobacco
Q181095	en	tobacco
Q1815126	en	celery
Q18175531	en	Kidney beans
Q18175531	en	Rajma
Q1827	en	red wine
Q1827	en	🍷
Q1827	it	rosso
Q182760	en	feta cheese
Q182760	en	Φέτα
Q184479	en	cuttlefish
Q184479	en	cuttles
Q184479	it	seppia
Q185217	en	dairy
Q185217	en	dairy food
Q185217	en	dairy food product
Q185217	en	dairy foods
Q185217	en	dairy products
Q185217	en	lacticinia
Q185217	en	milk product
Q185217	it	prodotto caseario
Q1854639	it	gnocco
Q186385	en	caviare
Q186385	it	Ikura
Q1865680	en	Rosemary
Q1865680	en	Salvia
Q1865680	it	Rosmarino
Q1882876	it	Fiore della noce moscata
Q188614	en	parsnip
Q188614	it	Pestanaca
Q189221	en	Roquefort
Q18968514	en	bok choy
Q18968514	en	napa
Q18968514	en	pak choi
Q190545	en	the Cherries
Q191019	en	grape
Q191019	en	grape genus
Q191019	en	grape plant
Q191019	en	grapevine
Q191019	en	grapevines
Q191019	it	vite
Q1911231	en	wild turmeric
Q191768	en	pig meat
Q191768	en	pigmeat
Q191768	en	pork meat
Q191768	it	carne di porco
Q191768	it	carne suina
Q191768	it	maiale
Q191768	it	porco
Q191768	it	suino
Q192147	en	Soursops
Q192147	en	Western custard-apple fruit
Q192147	en	durian belanda
Q192147	en	guanabana
Q192147	en	guyabano
Q192147	en	lampun
Q192147	en	tearb barung
Q192199	en	soy bean milk
Q192199	en	soy beverage
Q192199	en	soy drink
Q192199	en	soy juice
Q192199	en	soya drink
Q192199	en	soya milk
Q192199	en	soybean milk
Q192199	en	soymilk
Q192199	it	bevanda di soia
Q192628	en	Bos taurus as food
Q192628	en	bovine meat
Q192628	en	bull meat
Q192628	en	cattle meat
Q192628	en	cow meat
Q192628	it	carne di manzo
Q1927744	en	plum wine
Q193498	en	Shallot
Q193498	en	shallot
Q193498	it	scalogno
Q1935748	en	Orchid
Q19359994	en	Swiss cheese
Q19359994	en	cheese from Switzerland
Q1936142	en	Orchid
Q1937303	en	Orchid
Q1937700	en	Sinapis grain
Q1937700	en	mustard plant grain
Q1937700	it	semi di mostarda
Q1937700	it	semi di senape
Q19385369	en	Galet
Q19385369	en	cornetti
Q19385369	it	chiocciole
Q19385369	it	lumache
Q19459180	en	bilberry
Q19459180	it	mirtillo
Q194632	it	guanciale di maiale
Q1956860	en	Orchid
Q19709379	en	hogweed
Q19740	en	boletus
Q19740	en	bollo de centavo
Q19740	en	cep
Q19740	en	champiñón
Q19740	en	cèpe
Q19740	en	penny bun
Q19740	en	porcini
Q19740	en	porcini mushroom
Q19740	en	porcinis
Q19740	en	porcino
Q19740	it	fungo porcino
Q19740	it	porcino
Q19823273	en	Barley
Q19842373	it	mora di rovo
Q19842373	it	mora selvatica
Q198815	en	chevre
Q198815	en	chèvre
Q198815	en	goat's cheese
Q198815	en	goat's-milk cheese
Q199788	en	Atlantic cod
Q199788	en	cod
Q199788	it	Merluzzo bianco
Q20019	en	Macaroni
Q20026	en	Spaghetti
Q20026	en	spaghetti noodle
Q20063	en	Italian dumpling
Q20063	it	gnocchi
Q201382	en	oil of turpentine
Q201382	en	spirit of turpentine
Q201382	en	turps
Q201382	en	wood turpentine
Q201959	en	bell pepper
Q201959	en	pepper
Q202305	en	crowberry
Q202406	en	Melanogrammus aeglefinus
Q202406	en	Merlangius euxmus
Q202406	en	mezgit
Q202406	it	Asinello
Q202406	it	Melanogrammus aeglefinus
Q203415	en	red tea
Q203415	it	tè rosso
Q203540	en	chimarrão
Q203540	en	tea of Paraguay
Q203540	it	matè
Q203540	it	tè del Paraguay
Q204148	en	Chinese cassia
Q204148	en	Chinese cinnamon
Q204148	it	Cinnamomum cassia
Q2046782	en	chacunga
Q2046782	en	changunga
Q2046782	en	craboo
Q2046782	en	golden spoon
Q2046782	en	kraabu
Q2046782	en	muruçi
Q2046782	en	nance
Q2046782	en	nanche
Q2046782	en	savanna serret
Q2046782	en	savanna serrette
Q205265	it	Origano
Q20638126	en	love apple
Q20638126	en	tomatoes
Q20638126	en	🍅
Q206454	en	grated lemon peel
Q206454	en	lemon peel
Q206541	en	oil from lemon peel
Q20730193	en	ground turmeric
Q20730193	en	powdered turmeric
Q20730193	en	turmeric powder
Q207745	en	Holy Ghost
Q207745	en	Norwegian angelica
Q207745	en	Wild Celery
Q207745	en	angelica
Q207745	en	garden angelica
Q207848	en	leopard's bane
Q207848	en	mountain arnica
Q207848	en	mountain tobacco
Q207848	en	wolf's bane
Q207848	it	Doronicum oppositifolium
Q208008	en	cacao
Q208008	en	cacao bean
Q208008	en	cacao nut
Q208008	en	cacao seed
Q208008	en	cacaoboon
Q208008	en	whole cacao
Q208008	it	granelli di cacao
Q208021	en	Juglans regia
Q2081166	en	`ohelo
Q2081166	en	`ohelo `ai
Q2081166	en	blueberry
Q20819239	en	snails
Q20856764	en	coriander
Q208600	en	Pilchard
Q208600	en	Sardine
Q208600	it	Sardine
Q2086536	en	Yorka okra
Q2086536	en	abelmosk
Q2086536	en	ambrette
Q2086536	en	annual hibiscus
Q2086536	en	musk mallow
Q2086536	en	musk okra
Q2086536	en	muskdana
Q2086536	en	ornamental okra
Q2086536	en	rose mallow
Q2086536	en	tropical jewel hibiscus
Q2086536	it	Abelmosco
Q2086536	it	Hibiscus abelmoschus
Q20875685	en	onion
Q2089240	en	oat meal
Q2089240	it	ingrediente a base di avena
Q209089	en	Paullinia cupana
Q209089	en	guarana
Q209089	it	Paullinia cupana
Q210330	en	Arctic raspberry
Q210330	it	lampone artico
Q21155816	en	caraway fruit
Q21155816	en	caraway seed
Q21155816	it	seme di carvi
Q21156930	en	chick pea
Q21156930	en	chickpeas
Q21156930	en	garbanzo bean
Q21156930	en	garbanzo beans
Q21156956	en	cassia
Q2117903	en	Sagebrush
Q2117903	it	Sagebrush
Q212317	it	olio di sesamo
Q21384712	en	Theobroma cacao subsp. cacao
Q21384712	en	cacao
Q214415	en	Blue fin tuna
Q214415	en	Blue-fin tunny
Q214415	en	Horse mackerel
Q214415	en	Northern bluefin tuna
Q214415	en	Thunnus thynnus
Q214415	it	tonno pinna azzurra
Q214415	it	tonno pinna blu
Q214415	it	tonno rosso
Q2144234	en	malt
Q2146147	en	Cactus Pears
Q2146147	en	Indian fig
Q2146147	en	cactus pear
Q2146147	en	opuntia
Q2146147	en	tuna
Q2147802	en	Guiana herring
Q2147802	en	Harengula jaguana
Q2147802	en	hardback herring
Q2147802	en	herring
Q2147802	en	pilchard
Q2147802	en	sardine
Q2147802	en	scaled herring
Q21546387	it	cranberry
Q21546387	it	mirtillo rosso
Q21546392	en	bulb of garlic
Q21546392	en	head of garlic
Q21546392	it	agli
Q21546392	it	bulbi d'aglio
Q21546392	it	bulbo d'aglio
Q21546392	it	testa d'aglio
Q21546392	it	teste d'aglio
Q215760	en	dolphin
Q215760	en	dolphins
Q215760	en	oceanic dolphin
Q215760	en	oceanic dolphins
Q215760	it	Delfini oceanici
Q215760	it	Delfinidae
Q215760	it	Delfinidi
Q215760	it	Delfino oceanico
Q216113	en	Manila copal
Q216113	en	dammara
Q216113	en	dammaras
Q216113	en	kauri
Q216113	en	kauri pine
Q216113	en	kauri pines
Q216113	en	kauris
Q216113	it	Kauri
Q216235	en	copra oil
Q217525	en	cheddar
Q217525	it	formaggio cheddar
Q218371	en	Crowberry
Q218462	en	French parsley
Q218462	en	chervil
Q218462	it	cerfoglio
Q219059	en	O-juice
Q219059	en	OJ
Q219059	en	orange sap
Q2195458	en	Clove Oil
Q2195458	en	oil of cloves
Q219666	en	angelica
Q222216	en	fruit spirit
Q222216	it	acquavite di frutta
Q222216	it	brandy di frutta
Q2224510	en	Passion fruit
Q2224510	en	passion fruit
Q2224510	en	passion-fruit
Q2224510	it	maracuia
Q2248729	en	Orchid
Q2265406	en	yellow split pea
Q22694	en	Origanum maiorana
Q22694	en	Origanum majorana
Q22694	en	knotted Marjoram
Q22694	en	majorana hortensis
Q22694	en	sweet Majoram
Q22694	en	sweet marjoram
Q22694	en	sweet marjoram oil
Q22694	it	maggiorana
Q22701	en	European black elderberry
Q22701	en	European elder
Q22701	en	European elderberry
Q22701	en	black elder
Q22701	en	black elderberry
Q22701	en	elder
Q22701	en	elderberry
Q22701	it	sambuco
Q22701	it	sambuco comune
Q22728	en	boob milk
Q22728	en	breastmilk
Q22728	en	human milk
Q22728	en	milk
Q22728	en	mother milk
Q22858	en	Savoury
Q22858	en	savory
Q22858	it	Santoreggia
Q22915010	en	black peppercorn
Q229385	en	ganjang
Q229385	en	jiangyou
Q229385	en	shoyu
Q229385	en	soy
Q229385	en	soya sauce
Q229385	it	Shoyu
Q229385	it	ganjang
Q229385	it	jiangyou
Q2296872	en	Cervidae as food
Q2296872	en	deer meat
Q23012379	en	Chinese celery
Q23012379	en	leaf celery
Q23041045	en	sparrowgrass
Q23041430	en	artichoke
Q23041430	en	artichokes
Q23045440	en	leek
Q23055981	en	Acacia farnesiana
Q23055981	en	Huisache
Q23055981	en	Mimosa farnesiana
Q23055981	en	Needle bush
Q23055981	en	Sweet acacia
Q23055981	it	Acacia farnesiana
Q23055981	it	Mimosa farnesiana
Q2308904	en	Cream
Q231458	en	dende oil
Q231458	en	dendê oil
Q231458	en	palm-oil
Q231458	it	grasso di palma
Q23400	en	allium sativum
Q23400	en	garlic
Q23400	en	garlic plant
Q23400	en	hardneck garlic
Q23400	en	softneck garlic
Q23400	it	Aglio
Q234126	en	Bengal quince
Q234126	en	Japanese bitter orange
Q234126	en	bael fruit
Q234126	en	bael fruit of India
Q234126	en	bel fruit
Q234126	en	golden apple
Q234126	en	stone apple
Q234126	en	wood apple
Q23425	en	cucumber
Q23425	en	gherkin plant
Q23425	en	hard green cumplant
Q23425	it	Cetrioli
Q23425	it	Cetriolo
Q2346039	en	tuna
Q2346039	en	tuna fish
Q2346039	en	tuna fishes
Q2346039	en	tunafish
Q2346039	en	tunafishes
Q2346039	en	tunas
Q2346039	en	tunnies
Q2346039	en	tunny
Q2346039	it	Thunnus
Q23485	en	Allium cepa L.
Q23485	en	onion plant
Q23485	it	Allium cepa L.
Q23485	it	Allium coepa
Q23485	it	cipolla
Q23501	en	garden tomato
Q23501	en	love apple
Q23501	en	tomato plant
Q23501	it	Pomidoro
Q23501	it	Pomodori
Q23501	it	Pomodoro
Q2352187	en	fat-free milk
Q2352187	en	non-fat milk
Q2352187	en	nonfat milk
Q2352187	en	skim milk
Q2352187	it	latte senza grassi
Q2355390	en	African basil
Q2355390	en	clove basil
Q2355390	en	wild basil
Q2355636	en	Texas sage
Q2370943	it	foglia d'alloro
Q2370943	it	foglia di alloro
Q2370943	it	foglie d'alloro
Q2370943	it	foglie di alloro
Q2391283	en	tamarind
Q2391283	en	tamarind fruit
Q2440088	en	Orchid
Q2453469	en	walnut
Q2453469	en	walnut genus
Q2453469	en	walnuts
Q2453469	it	noce
Q24689062	en	wild strawberry
Q24691882	en	cactus apple
Q24691882	en	cow's tongue prickly pear
Q24691882	en	tuna
Q2473331	en	California foothill pine
Q2473331	en	Gray Pine
Q2473331	en	ghost pine
Q2481036	en	copaiba oil
Q249310	en	Comte cheese
Q2494758	en	Mentha rotundifolia
Q2494758	en	Mentha x rotundifolia
Q2494758	en	Mentha × rotundifolia
Q2494758	en	big-leaf mint
Q2494758	en	mint
Q2494758	it	Mentha rotundifolia
Q250271	en	Paprika from La Vera, Spain
Q250271	it	Paprica de la Vera
Q250271	it	Pimenton de la Vera
Q25062	en	common rue
Q25062	en	herb-of-grace
Q25062	en	herbygrass
Q25062	en	meadow rue
Q25062	en	rue
Q251370	en	Jeffrey pine
Q251370	en	yellow pine
Q251981	en	crisp bread
Q25237	en	Pea
Q25237	en	pea plant
Q25237	en	peas
Q25237	it	pisello
Q25243	en	birch
Q25243	en	birch tree
Q25243	en	birch trees
Q25243	en	birches
Q25243	en	the birch genus
Q25243	it	Betulla
Q25243	it	Betulle
Q25284	en	Petroselinum crispum
Q25284	en	garden parsley
Q25284	it	Petroselinum hortense
Q25284	it	Prezzemolo
Q2529941	en	Diodon nicthemerus
Q2529941	en	Globefish
Q2529941	en	Slender-spined porcupine fish
Q25308	en	Orchidaceae
Q25308	en	orchid
Q25308	en	orchids
Q25308	it	Orchidacee
Q25308	it	Orchidea
Q25308	it	Orchidee
Q2533555	en	apple brandy
Q25400	en	Compositae
Q25400	en	aster family
Q25400	en	composites
Q25400	it	Asteracee
Q25400	it	Composte
Q25401166	en	Cymbopogon martini oil
Q25401166	en	East Indian geranium oil
Q25401166	en	Indian grass oil
Q25401166	en	Turkish geranium oil
Q25401166	en	rusa oil
Q25408	en	common yarrow
Q25408	en	milfoil
Q25408	en	yarrow
Q2542583	en	Fermented teas
Q2542583	en	post fermented tea
Q2543932	en	saxifrage family
Q2543932	it	Sassifragacee
Q2544599	en	Cichorium sylvestre
Q2544599	en	chicory
Q2544599	en	common chicory
Q2544599	it	cicoria comune
Q2549523	en	Lemon eucalyptus
Q2549523	it	Corymbia citriodora
Q25618	en	the Larches
Q25618	it	Larice
Q25618	it	Larici
Q25618328	en	corn
Q25618328	it	granoturco
Q2598218	en	Indian hemp
Q2598218	en	Indian-hemp
Q2598218	en	Indianhemp
Q2598218	en	amy root
Q2598218	en	clasping-leaved dogbane
Q2598218	en	common dogbane
Q2598218	en	dogbane
Q2598218	en	hemp dogbane
Q2598218	en	prairie dogbane
Q2598218	en	rheumatism root
Q2598218	en	wild cotton
Q26006	en	bay laurel
Q26006	en	laurel
Q26006	it	alloro
Q2607185	it	Menta bergamotto
Q2619350	en	buchu
Q26297	en	Sorrel
Q26297	en	common sorrel
Q26297	en	garden sorrel
Q26297	it	acetosa
Q26297	it	acetosa di pecora
Q26297	it	erba brusca
Q26297	it	erba soleggiata
Q263203	en	Cabbage, red, raw
Q263203	it	Brassica oleracea L. var. capitata var. rubra
Q26538	en	laurel family
Q26538	it	Lauracee
Q26545	en	horseradish
Q26545	en	horseradish plant
Q26545	it	Armoracia rusticana
Q26545	it	cren
Q26545	it	rafano rusticano
Q26545	it	rafano tedesco
Q265878	en	arachis oil
Q265878	en	groundnut oil
Q265878	it	olio di arachidi
Q26686	en	dill
Q26686	it	aneto
Q2671107	en	Cymbopogon martinii
Q2671107	en	geranium grass
Q2671107	en	ginger grass
Q2671107	en	palmarosa grass
Q2671107	en	rusha grass
Q2671107	it	Cymbopogon martinii
Q26736	en	Syzygium aromaticum
Q26736	en	Zanzibar red head
Q26736	it	Caryophyllus aromaticus
Q26736	it	Caryophyllus hortensis
Q26736	it	Caryophyllus silvestris
Q26736	it	Eugenia caryophyllata
Q26736	it	Eugenia caryophyllus
Q26736	it	Jambosa caryophyllus
Q26736	it	Myrtus caryophyllus
Q26736	it	Syzygium aromaticus
Q26811	en	Persian cumin
Q26811	en	caraway
Q26811	en	caraway plant
Q26811	en	meridian fennel
Q26811	en	wild caraway
Q26811	it	carvi
Q26811	it	cumino dei prati
Q26811	it	cumino tedesco
Q26905442	en	Beer
Q2701573	en	muscadine
Q2701573	en	muscadine grape
Q27019	en	Chinese Bastard Anise
Q27019	en	Illicium japonicum
Q27019	en	Japanese star anise
Q2708073	en	lemon myrtle
Q2708073	en	lemon scented ironwood
Q2708073	en	lemon scented myrtle
Q2709536	en	palm
Q2718279	en	Spanish jasmine
Q2720020	en	Orchid
Q2722924	en	apriplum
Q2722924	en	plumcot
Q2722924	it	Prugnocca
Q2722924	it	Uovo di dinosauro
Q272661	en	Brauneria purpurea
Q272661	en	Helichroa purpurea
Q272661	en	Rudbeckia purpurea
Q272661	en	Steyerm.
Q272661	en	eastern purple coneflower
Q272661	en	echinacea
Q272661	en	hedgehog coneflower
Q272661	en	purple coneflower
Q27282	it	Cinnamomo
Q2735883	en	cucumbers
Q2735883	en	cuke
Q2736146	en	ewe's milk
Q2736146	en	sheep's milk
Q2736146	it	Latte pecorino
Q2739989	en	tuna
Q2746643	en	fig fruit
Q275068	en	bone broth
Q275068	en	bouillon (meat-based)
Q275068	en	clear soup
Q275068	en	stock
Q2751465	en	quince fruit
Q2751465	en	quince pear
Q2751465	it	cotogne
Q2751465	it	mela cotogna
Q2751465	it	mele cotogne
Q2751465	it	pera cotogna
Q2751465	it	pere cotogne
Q27615	en	lovage
Q27615	en	wild celery
Q27615	it	Hipposelinum levisticum
Q27615	it	Levistico
Q27615	it	Levisticum officinalis
Q27615	it	Levisticum paludapifolium
Q27615	it	Sedano di monte
Q27650430	en	turkey rhubarb rhizome
Q27658833	en	fennel
Q27658833	en	fennel (herb)
Q27658833	en	fennel seed
Q27658833	en	fennel seeds
Q27658833	it	semi di finocchio
Q276897	en	Couch paspalum
Q276897	en	Ginger grass
Q276897	en	Knot Grass
Q276897	en	Mercer grass
Q276897	en	salt jointgrass
Q276897	en	seashore paspalum
Q276897	en	turfgrass
Q27855	en	Common mussel
Q27855	en	blue mussel
Q27855	en	mussel
Q27855	it	cozza
Q27855	it	mitilo
Q27938	en	Allium fistulosum
Q27938	en	bunching onion
Q27938	en	green onion
Q27938	en	scallion
Q27938	it	Allium fistulosum
Q27938	it	cipolletta
Q27938	it	cipollotto
Q27938	it	cippolletta
Q2796766	en	Cookbook:Salmon
Q27983	en	Narcissus poëticus
Q27983	en	daffodil
Q27983	en	poet's daffodil
Q28038537	en	Petrosimonia monandra
Q281	en	whiskey
Q281	it	whiskey
Q281405	en	Capsicum frutescens 'Tabasco'
Q281405	en	Capsicum frutescens cv. Tabasco
Q281405	en	Capsicum frutescens ‘Tabasco’
Q281405	it	Capsicum frutescens 'Tabasco'
Q281405	it	Capsicum frutescens ‘Tabasco’
Q281405	it	tabasco
Q28165	en	canel
Q28165	en	canella
Q28165	it	Cinnamomum verum
Q28165	it	Cinnamomum zeylanicum
Q28165	it	cinnamomo
Q28165	it	cssia cinese
Q282	en	vino
Q282694	en	Sea salt
Q282694	en	bay salt
Q282694	en	salt
Q282694	en	solar salt
Q28298	en	smallage
Q28298	en	wild celery
Q28298	it	Apium graveolens rapaceum
Q28298	it	sedano
Q28298	it	sedano da costa
Q28298	it	sedano rapa
Q28367	en	asparagus
Q28367	en	asparagus plant
Q28367	en	garden asparagus
Q28367	en	sparrow grass
Q28367	en	wild asparagus
Q28367	it	asparagio
Q28367	it	asparago
Q284	en	french brandy
Q2841118	en	Ewe
Q28437	en	German chamomile
Q28437	en	blue chamomile
Q28437	en	camomile
Q28437	en	chamomile
Q28437	en	mayweed
Q28437	en	scented mayweed
Q28437	en	wild chamomile
Q28437	it	Camomilla
Q28437	it	Matricaria recutita
Q2845	en	Buds
Q2845	en	Flower
Q2845	en	Ganja
Q2845	en	Grass
Q2845	en	Herb
Q2845	en	Hierba
Q2845	en	La Kimberly
Q2845	en	Maria
Q2845	en	Marihuana
Q2845	en	Marijuana
Q2845	en	Mostaza
Q2845	en	Mota
Q2845	en	Pot
Q2845	en	Reefer
Q2845	en	Tokes
Q2845	en	Weed
Q2845	en	Za
Q2845	en	Zaza
Q2845	en	cannabis (drug)
Q2845	it	erba
Q2845	it	gangia
Q2845	it	maria
Q2855436	en	Indian hemp
Q2855436	en	Madras hemp
Q2855436	en	brown hemp
Q2855436	en	sunn hemp
Q285796	en	sweet maudlin
Q285796	en	sweet yarrow
Q285796	it	millefoglio agerato
Q2864215	en	arrope
Q2864215	en	epsima
Q2864215	en	grape must
Q2864215	en	petimezi
Q28692	en	anise
Q28692	en	the anise plant
Q28692	it	anice
Q28692	it	anice comune
Q28692	it	anice verde
Q28692	it	anice volgare
Q2878644	en	Chinese star anise
Q2878644	en	Star anise
Q2878644	en	star aniseed
Q2905047	en	Millet beer
Q2905047	en	bantu beer
Q2905047	en	chapalo
Q2905047	en	dolo
Q2905047	en	kaffir beer
Q2905047	en	millet beer
Q2905047	en	pombe
Q2905047	en	tchapalo
Q2905047	en	utshwala
Q292801	en	Prickly pear
Q2933398	en	Melaleuca cajeputi
Q2933398	en	cajeput
Q2933398	en	cajuput
Q2933398	en	white samet
Q2934276	en	Drummond's cypress
Q29401270	en	Citrullus lanatus lanatus
Q29401270	en	watermelon
Q29401270	it	anguria
Q2941309	en	black currant
Q2941309	it	cassis
Q2941309	it	ribes neri
Q29465	en	daffodil
Q29465	en	daffodils
Q29465	en	jonquils
Q29465	en	narcissi
Q29465	en	narcissus
Q29465	it	Narcisi
Q29465	it	Narciso
Q29472543	en	green pea
Q29472543	en	pea seed
Q29472543	en	pea seeds
Q29498	en	krill
Q29498	it	krill
Q2963409	en	Chicory Coffee
Q2963415	en	Cichorium endivia var. crispum
Q2963415	en	endive
Q2964630	en	horseradish
Q2964630	it	cren
Q2964630	it	hren
Q2964630	it	kren
Q2964630	it	radice di rafano
Q2987371	en	filet bean
Q2987371	en	fine bean
Q2987371	en	french green bean
Q2987371	en	snap bean
Q2987371	en	string bean
Q2987371	it	cornetto
Q2987371	it	fagiolini
Q2987371	it	fagiolo mangiatutto
Q2987371	it	tegolina
Q2995529	en	edible grain
Q2995529	en	food grain
Q2995529	en	foodgrain
Q2995529	it	grani alimentari
Q2995529	it	grano
Q2995529	it	grano alimentare
Q30063	en	Brompton stock
Q30063	en	common stock
Q30063	en	gilly-flower
Q30063	en	gillyflower
Q30063	en	hoary stock
Q30063	en	stock
Q30063	en	ten-week stock
Q30063	en	tenweeks stock
Q30063	en	wallflower
Q30063	it	Violacciocca
Q30063	it	Violacciocche
Q30063	it	Violaciocca rossa
Q30153	en	Boston mackerel
Q30153	en	Norwegian mackerel
Q30153	en	Scomber scombrus
Q30153	en	Scottish mackerel
Q30153	en	mackerel
Q30153	it	sgombri
Q30153	it	sgombro, Scomber scombrus
Q30314560	en	cinnamon oil
Q3071662	en	Ascidia microcosmus
Q3071662	en	Cynthia scrotum
Q3071662	en	Microcosmus scrotum
Q3071662	en	grooved sea squirt
Q3071662	en	sea fig
Q3071662	en	violet
Q3071662	it	limone di mare
Q3071662	it	uova di mare
Q3075310	en	bone broth
Q3075310	en	bouillon (meat-based)
Q3075310	en	broth
Q3075310	en	soup base
Q3088336	en	shredded cheese
Q3091779	it	China
Q3091779	it	China calisaia
Q3091779	it	Cinchona officinalis
Q30959	en	Datura tatula
Q30959	en	Devil's snare
Q30959	en	Devil’s cucumber
Q30959	en	Devil’s trumpet
Q30959	en	Devil’s weed
Q30959	en	Hell's bells
Q30959	en	Jamestown weed
Q30959	en	Locoweed
Q30959	en	Malpitte
Q30959	en	Moon flower
Q30959	en	Pricklyburr
Q30959	en	Stinkweed
Q30959	en	Thornapple
Q30959	en	Tolguacha
Q30959	it	Stramonio
Q30959	it	Stramonio comune
Q309692	en	tree wormwood
Q310789	en	Salmon
Q311720	en	Fox grape
Q311720	en	fox grape
Q312218	en	Cardamom
Q3127419	en	herring fish
Q3127593	it	paprika
Q3143131	en	перец
Q3143131	en	перцы
Q3177997	en	Rocky Mountain sumac
Q3177997	en	scarlet sumac
Q3177997	en	smooth sumac
Q3177997	en	upland sumac
Q3177997	en	white sumac
Q3181909	it	guava
Q3182797	en	yogurt
Q31904	en	Lau Lau
Q31904	en	bell fruit
Q31904	en	jambu air
Q31904	en	water apple
Q31904	en	water cherry
Q31904	en	watery rose apple
Q31931	en	plum rose
Q31931	en	rose apple
Q31936	en	Malay apple
Q31936	en	Malay rose apple
Q31936	en	Otaheite cashew
Q31936	en	jambu bol
Q31936	en	jambu merah
Q31936	en	pommerac
Q319390	en	roselle
Q319390	it	carcadè
Q319390	it	karkadè
Q319611	en	Sechium edule (Jacq.) Sw.
Q319611	en	chayote
Q319611	it	Chayote
Q319611	it	Sechio
Q3205924	en	cherimoya
Q3205924	en	custard apple
Q320999	en	shiitake
Q320999	en	shiitake mushroom
Q320999	en	shiitake mushrooms
Q320999	it	Agaricus edodes
Q320999	it	Armillaria edodes
Q320999	it	Lentinus edodes
Q320999	it	Lentinus shiitake
Q320999	it	Shiitake
Q320999	it	Tricholoma shiitake
Q321263	en	Mousseux
Q321263	en	bubbly
Q321263	en	sparkling wine
Q321263	it	spumante
Q322787	en	mash
Q322787	en	mashed potatoes
Q322787	it	purea di patate
Q3240154	en	hairy basil
Q3240154	en	hoary basil
Q3240154	en	hransvaal basil
Q3240154	it	basilico americano
Q3243069	en	red meats
Q3243069	it	carni rosse
Q3251025	en	Juniperi pseudo-fructus
Q327106	en	cow parsnip
Q327106	en	cow-parsnip
Q327106	en	hogweed
Q3314483	en	edible fruit
Q3314483	en	fruit food group
Q3314483	en	fruit group
Q3320037	en	culinary nut
Q3320037	en	dry fruit
Q3320037	en	dry nut
Q3320037	en	edible nut
Q3320037	en	food nut
Q3320037	en	nuts
Q3320037	en	nuts as food
Q3320037	it	frutta a guscio
Q3320037	it	frutto secco
Q3320037	it	noce
Q3320037	it	noci
Q3324978	en	savory
Q3324978	en	savouriness
Q3336232	en	Orchid
Q3336836	en	Orchid
Q333877	en	Carya illinoensis
Q333877	en	Carya illinoiensis
Q333877	en	pecan
Q333877	en	sweet pecan
Q333877	it	pecan
Q333877	it	pekan
Q3342808	en	coco nut
Q3342808	en	cocoanut
Q3342808	en	coconut fruit
Q3342808	en	coconuts
Q3342808	it	cocco
Q33466	en	cardamom
Q33466	it	Cardamomo silvestre
Q33466	it	Elettaria cardamomum
Q3346786	en	Loquat fruit
Q3346786	it	nespola
Q334855	en	mantis shrimp
Q334855	it	Stomatopode
Q334855	it	Stomatopodi
Q3355098	en	Citrus x sinensis
Q3355098	en	orange
Q3355098	en	orange tree
Q3355098	en	sweet lime
Q3355098	en	sweet orange
Q3355098	en	tree orange
Q3355098	it	C. × sinensis
Q3355098	it	Citrus sinensis
Q3355098	it	Citrus × sinensis
Q33669098	en	Radishes
Q3384	en	common mustard
Q3384	en	fast plants
Q3384	en	field mustard
Q3384	en	turnip
Q3384	en	turnip mustard
Q3384	en	turnip rape
Q3384	en	wild turnip
Q33873455	en	aniseed
Q33873455	it	seme di anice
Q3391243	en	sugarcane
Q3391243	it	Saccharum officinale
Q3391243	it	canna da zucchero
Q3391243	it	cannamele
Q33913	en	lemongrass
Q34007	en	Anacardium occidentale
Q34007	en	cashew tree
Q3406628	en	onion as food
Q3406628	en	onions
Q34115776	en	cacao bush
Q34115776	en	cacao tree
Q34172	en	mammalian milk butter
Q343300	en	Chinese gooseberry
Q343300	en	fuzzy kiwi
Q343300	en	kiwi
Q343300	en	kiwi fruit
Q343300	en	kiwifruit
Q34687	en	rose
Q34687	en	rose bush
Q34687	en	rose flower
Q34687	en	the rose genus
Q34887	en	papaw
Q34887	en	papaya
Q34887	en	paw paw
Q34887	en	pawpaw
Q34887	it	Papaia
Q34887	it	Papaya
Q3517444	en	Tomato
Q353087	en	Mentha arvensis flower oil
Q353087	en	corn mint oil
Q353087	en	cornmint oil
Q353391	en	peppermint extract
Q3553094	en	cowberry
Q3553094	it	mirtillo rosso
Q35625	en	Zingiber officinale
Q35625	en	ginger root
Q35625	it	Zenzero
Q35625	it	Zenzero Comune
Q358375	en	aloes wood
Q358375	en	aloeswood
Q358375	en	eaglewood
Q358375	en	gharuwood
Q358375	en	oud
Q358375	en	oudh
Q3604688	it	acquavite di uva
Q3604688	it	distillato d'uva
Q3604688	it	distillato di uva
Q36071	en	pistachio
Q36071	en	pistachio tree
Q36071	en	the pistachio tree
Q36071	it	pistacchio
Q36146	en	common fig
Q36146	en	fig
Q36146	en	fig plant
Q36146	it	Caprifico
Q36146	it	Ficoraccia
Q36146	it	fico
Q3621199	it	bagigi
Q3621199	it	nocciolina
Q3621199	it	nocciolina americana
Q3621199	it	seme di arachide
Q3621199	it	spagnolette
Q3622432	en	mate tea
Q3622432	en	maté tea
Q3622432	en	roasted mate
Q362409	en	grain
Q362409	en	grit
Q362409	en	groats
Q362409	en	grout
Q362409	en	meal
Q362409	en	pellets
Q362409	en	shred
Q362409	en	wholemeal
Q36814998	en	green spinach
Q368610	en	Schlivowitz
Q368610	en	plum brandy
Q368610	en	slivovica
Q368610	en	slivovice
Q368610	en	slivovitsa
Q368610	en	slivovitza
Q368610	en	slivovka
Q368610	en	traditional plum spirit
Q368610	en	śliwowica
Q368610	en	Šljivovica
Q368610	en	šljivovica
Q368610	en	șliboviță
Q368610	it	prunellé
Q368610	it	slivovica
Q3700265	en	Orchid
Q37021	en	ginger family
Q370239	en	Ceylon cinnamon
Q370239	en	Cinnamomum verum
Q370239	en	Sri Lanka cinnamon
Q370239	en	true cinnamon
Q370239	it	Cinnamomum zeylanicum
Q370239	it	cannella
Q370239	it	cinnamomo
Q37083	en	olive
Q37083	en	olive tree
Q37083	it	olivastro
Q37083	it	olivi
Q37083	it	olivo
Q37083	it	patogeni chiave dell'olivo
Q37083	it	ulivi
Q37083	it	ulivo
Q3733836	en	apricot fruit
Q3734515	en	Orchid
Q37383	en	Arachis hypogaea
Q37383	en	Peanuts, raw
Q37383	en	earthnut
Q37383	en	goober
Q37383	en	ground nuts
Q37383	en	groundnut
Q37383	en	monkey nut
Q37383	en	peanuts
Q37383	en	pindar
Q374399	en	Oxycoccus palustris
Q374399	en	bog cranberry
Q374399	en	common cranberry
Q374399	en	cranberry
Q374399	en	northern cranberry
Q374399	en	small cranberry
Q374399	en	swamp cranberry
Q374399	it	ossicocco comune
Q37453	en	apricot
Q37453	en	apricot tree
Q37453	it	albicocco
Q3764503	it	gingerino
Q3764503	it	spuma rossa
Q3774990	en	grain
Q378568	en	khas
Q378568	en	khuskhus
Q378568	en	sandalwood fan
Q378568	en	sevendra
Q378568	en	vetiver
Q37868	en	alga
Q37868	en	algal
Q37868	en	algæ
Q37868	it	alghe
Q37868	it	micro-alghe
Q37868	it	microalghe
Q37937	en	potato
Q37937	it	batata
Q37937	it	patata americana
Q37937	it	patata dolce
Q37937	it	patata raffreddata
Q379813	en	beans
Q379813	en	pulse
Q379813	it	legumi
Q382947	en	Scotch
Q382947	en	Scotch Whisky
Q382947	en	Scotch whiskey
Q382947	it	Scotch
Q38645	it	cocomero
Q38646266	en	Chayote
Q38646266	en	pear squash
Q38859	en	Ocimum basilicum
Q38859	it	Ocymum basilicum
Q38859	it	basilico
Q3893120	it	pane di segale
Q3898877	en	geranium
Q3898877	en	horseshoe geranium
Q3898877	en	zonal geranium
Q390456	it	Agarico
Q3916957	en	neep
Q3916957	en	summer turnip
Q3916957	en	swede
Q3916957	en	white turnip
Q3919027	en	Indian mango
Q3919027	en	common mango
Q3919027	en	mango tree
Q3919027	it	Mangifera indica
Q39918	en	Prunus amygdalus
Q39918	en	almond
Q39918	en	almond tree
Q39918	it	Prunus dulcis
Q40152	en	octopodes
Q40152	en	octopods
Q40152	en	octopus
Q40152	en	octopus order
Q4046797	en	Orchid
Q4048468	en	Geranium
Q4075018	en	star anise essential oil
Q4075018	en	star anise oil
Q40763	en	seeds
Q40763	it	semi
Q4082537	en	Petasites fragans
Q41350	en	Citrus x paradisi
Q41350	en	grapefruit
Q41350	en	grapefruit plant
Q41350	en	grapefruit tree
Q41350	it	Citrus paradisi
Q41350	it	Pompelmo
Q41354	en	acetic acid
Q41354	en	spirit of vinegar
Q41354	en	spirits of vinegar
Q41354	it	aceti
Q4135941	en	geranium oil
Q4142371	en	rabbiteye blueberry
Q4142371	en	smallflower blueberry
Q4142371	en	swamp blueberry
Q41505	en	Chinese plum
Q41505	en	Japanese medlar
Q41505	en	Japanese plum
Q41505	en	loquat
Q41505	it	Eriobotrya japonica
Q41505	it	Mespilus japonicus
Q41505	it	nespola
Q41505	it	nespolo del Giappone
Q41534	en	amylum
Q41534	en	starches
Q41534	it	amidi
Q41611	en	cilantro
Q41611	en	coriander
Q41611	it	Cilantro
Q41611	it	Coriandolo
Q41611	it	Prezzemolo cinese
Q41782540	en	Barker's Seedling
Q41782540	en	D. T. Fisch
Q41782540	en	D. T. Fish
Q41782540	en	David T. Fish
Q41782540	en	Drumlanrig Castle
Q41782540	en	Fish
Q41782540	en	Fish D. T.
Q41782540	en	Killick's Apple
Q41782540	en	Killick's Big Apple
Q41782540	en	King
Q41782540	en	King Apple
Q41782540	en	King's
Q41782540	en	Kings
Q41782540	en	Nelson's Glory
Q41782540	en	Poor Man's Friend
Q41782540	en	Roi de Warner
Q41782540	en	Salopian
Q41782540	en	Silverton Pippin
Q41782540	en	Veitch's Cluster
Q41782540	en	Warner's Königs-Apfel
Q41782540	en	Warner's Seedling
Q41782540	en	Weavering
Q41782540	en	Weavering Apple
Q42339	en	common bean
Q42339	en	snap bean
Q42339	en	string bean
Q42339	it	fagiolo comune
Q42385	en	Theobroma cacao
Q42385	en	cacao species
Q42385	en	cacao tree
Q42385	en	chocolate tree
Q42385	en	cocoa plant
Q42562	en	Indian saffron
Q42562	en	medicinal plant
Q42562	en	turmeric
Q42562	en	turmeric plant
Q42562	it	Turmeric
Q426337	en	Cream cheese
Q426337	it	cream cheese
Q426337	it	formaggio cremoso
Q43084	en	Piper nigrum
Q43084	en	peppercorn
Q43300	en	quince
Q43300	en	quince tree
Q43300	it	Cotogna
Q43300	it	Cotogno
Q43300	it	Mela cotogna
Q43300	it	Mele cotogne
Q43300	it	Melo cotogno
Q43300	it	Pera cotogna
Q43300	it	Pero cotogno
Q43300	it	Pyrus cydonia
Q43304555	en	cassava
Q43304555	en	cassava tuber
Q43304555	en	manioc
Q43304555	en	yuca
Q43304555	en	yuca root
Q434	en	pear
Q434	en	pear genus
Q434	en	pear tree
Q434	en	pear trees
Q434	it	pero
Q43511	en	Fennel
Q43511	it	finocchio
Q43642	en	kiwi
Q43642	en	kiwi bird
Q43642	en	the kiwis
Q43642	it	Kiwi
Q43794	en	turkey
Q43794	en	turkey bird
Q43794	en	turkey genus
Q43794	it	tacchino
Q44	en	Beers
Q44	en	brew
Q44480852	en	uncooked fish
Q449506	en	Capra aegagrus hircus
Q449506	en	cabrito
Q449506	en	capretto
Q449506	en	chevon
Q449506	en	kid
Q449506	en	mutton
Q45422	en	yeasts
Q45422	it	Lieviti
Q45422	it	lievitazione
Q455219	en	Amarone
Q455219	en	Amarone della Valpolicella DOCG
Q455219	it	Amarone
Q455219	it	Amarone della Valpolicella Classico
Q455219	it	Amarone della Valpolicella classico
Q45669	en	Eucalyptus hybrid
Q45669	it	Eucalipti
Q45669	it	Eucalipto
Q45669	it	Eucaliptus
Q45669	it	Eucalyptus hybrid
Q45757	en	Artocarpus macrocrapon
Q45757	en	jack tree
Q45757	en	jackfruit
Q45757	en	jackfruit tree
Q45757	en	nangka Tree
Q45757	it	Jackfruit
Q45912917	en	chocolate ingredient
Q45912917	en	cocoa flavor
Q45912917	en	natural cocoa
Q45989	en	Brassica oleracea L. Acephala
Q45989	en	Brassica oleracea L. var. viridis L.
Q45989	en	borecole
Q46299	en	rose family
Q46299	it	Rosace
Q46299	it	Rosacee
Q465934	en	Mauritius papeda
Q465934	en	Thai bai makrut
Q465934	en	Thai lime
Q465934	en	kaffir lime
Q465934	en	makrut lime
Q465934	en	porcupine orange
Q465934	it	Combava
Q465934	it	Limetta kaffir
Q46740	en	hep
Q46740	en	heps
Q46740	en	hip
Q46740	en	hips
Q46740	en	rose haw
Q46740	en	rose hep
Q46740	en	rose hips
Q46740	en	rosehip
Q46740	en	rosehips
Q468695	en	blue huckleberry
Q468695	en	high blueberry
Q468695	en	highbush blueberry
Q468695	en	northern highbush blueberry
Q468695	en	smooth highbush blueberry
Q468695	en	swamp blueberry
Q468695	en	swamp huckleberry
Q468695	en	tall huckleberry
Q468695	it	mirtillo gigante americano
Q46871	en	Juglans fallax
Q46871	en	Old World Walnut
Q46871	en	Persian Walnut
Q46871	en	Walnut
Q46871	en	common walnut
Q46871	it	noce bianco
Q46871	it	noce da frutto
Q469151	en	Picea rubra
Q469151	en	red spruce
Q469151	it	Peccio rosso
Q469652	en	American storax
Q469652	en	American sweetgum
Q469652	en	alligatorwood
Q469652	en	bilsted
Q469652	en	hazel pine
Q469652	en	redgum
Q469652	en	satin-walnut
Q469652	en	star-leaved gum
Q469652	en	sweetgum
Q469652	it	Storace americano
Q47164004	en	Abies sibirica leaf oil
Q47164004	en	Siberian fir oil
Q472653	en	Bull's heart
Q472653	en	Bullock's heart
Q472653	en	Common custard apple
Q472653	en	Custard apple
Q472653	en	Jamaica apple
Q472653	en	Netted custard apple
Q473745	en	Armillariella mellea
Q473745	en	honey fungus
Q473745	it	Armillariella mellea
Q4739805	en	plant oil
Q4739805	en	plant oils
Q475211	en	Oncorhynchus keta
Q475211	en	Salmo keta
Q475211	en	calico salmon
Q475211	en	dog salmon
Q475211	en	keta salmon
Q475211	it	Salmone keta
Q4763891	en	Orchid
Q4763908	en	Orchid
Q4763909	en	Orchid
Q477179	en	cantaloupe
Q477179	en	cantaloupe plant
Q477179	en	rockmelon
Q477179	en	sweet melon
Q47722	en	Brassica oleracea italica
Q47722	en	Brassica oleracea var. italica
Q47722	en	Broccoli
Q47722	it	Brassica oleracea italica
Q47722	it	Brassica oleracea var. italica
Q47722	it	cavolo broccolo
Q47801	en	Cucumis melo var. inodorus
Q47801	en	Inodorus Group
Q47801	en	honeydew melon
Q47801	en	honeymelon
Q47859	en	menta
Q47859	en	mint
Q47859	en	mints
Q47859	it	Menta romana
Q4803990	en	Orchid
Q48188	en	Stinkhorn
Q484083	en	Cameliae sinesis folium
Q484083	en	Camelliae Folium
Q484083	en	Theae Folium
Q484083	en	green tea leaf
Q484083	en	le̍k-tê
Q484083	en	liu̍k-chhà
Q484083	en	lǜchá
Q484083	en	nokcha
Q484083	en	ryokucha
Q484447	en	green gram
Q484447	en	maash
Q484447	en	moong bean
Q484447	en	mung bean
Q484447	it	fagiolo indiano verde
Q484447	it	fagiolo mungo verde
Q486951	en	Fortunella margarita
Q486951	en	Nagami Kumquat
Q486951	en	Oval Kumquat
Q48832	en	Australian tea tree oil
Q48832	en	Melaleuca alternifolia oil
Q48832	en	Melaleuca oil
Q48832	en	Melaleucae aetheroleum
Q48832	en	Melasol
Q48832	en	Tea tree oil
Q48832	en	Tea-tree oils
Q488431	en	Bergamot Oil
Q488431	en	Bergamot oil
Q488431	en	Bergamot peel oil
Q488431	en	Oil of bergamot
Q488431	it	Essenza di bergamotto
Q4904786	en	Orchid
Q4911546	en	blueberry
Q4911546	en	climbing blueberry
Q4911546	en	purple apple berry
Q49391	en	onion
Q49391	en	onion genus
Q49391	en	onions
Q49391	en	ornamental onion
Q49502309	en	Vaccinium vitus-idaea ssp. minus
Q49502309	en	Vaccinium vitus-idaea subsp. minus
Q49502309	en	lingonberry
Q49502309	en	mountain cranberry
Q49502309	en	northern mountain cranberry
Q49621668	en	Spanish sage
Q4968112	en	Hyacinth
Q49855	en	Japanese horseradish
Q49855	en	Wasabia japonica
Q49855	en	wasabi
Q49855	it	Wasabia japonica
Q4987476	en	Orchid
Q4988110	en	Orchid
Q4988259	en	Orchid
Q498862	en	Bartlett
Q498862	en	Bartlett pear
Q498862	en	Williams
Q498862	en	Williams Christ
Q498862	en	Williams pear
Q498862	en	Williams' bon chrétien pear
Q4995372	en	Orchid
Q4995822	en	Orchid
Q499671	en	feijoa
Q499671	en	guavasteen
Q499671	en	pineapple guava
Q499671	it	Feijoa
Q499671	it	Orthostemon sellowianus
Q500	en	Citrus limon
Q500	en	Citrus x limon
Q500	en	Citrus ×limon
Q500	en	lemon
Q500	en	lemon tree
Q500	it	Citrus limon
Q500	it	Citrus x limon
Q500	it	limone
Q503	en	banana fruit
Q503	en	bananas
Q503	it	banane
Q5054131	en	Orchid
Q5079636	en	blueberries
Q5079636	en	blueberry
Q5079636	en	blueberry genus
Q50826504	en	garlic mustard
Q50826504	en	jack-by-the-hedge
Q50844456	en	lavender
Q509308	en	Tricholoma matsutake
Q509308	en	pine mushroom
Q51148	en	Spanish garlic
Q51148	en	chives
Q51148	en	cives
Q51148	en	wild chives
Q51148	it	erba cipollina
Q511687	en	eucalyptic essential oil
Q511687	it	essenza di eucalipto
Q511687	it	essenze di eucalipto
Q511687	it	olio essenziale di eucalipto
Q5122903	en	kumquat
Q5122903	it	cumquat
Q5122903	it	kingen
Q5122903	it	mandarino cinese
Q512580	en	African bird's eye
Q512580	en	Capsicum frutescens ‘Piri Piri’
Q512580	en	peri-peri
Q512580	en	pili pili
Q512580	en	piripiri
Q512580	it	African birdseye
Q5141254	en	pilchard
Q5141254	it	bianchetti
Q5141254	it	sarda
Q5141254	it	sardella
Q516494	en	dancytangerine
Q516584	en	orange essential oil
Q519651	en	Orchid
Q5212051	en	Starfruit
Q5223351	en	Orchid
Q5223853	en	Orchid
Q5226162	en	Orchid
Q5231561	en	Sage
Q523224	en	boiled rice
Q523224	en	rice
Q5243850	en	Elote en vaso
Q5243850	en	Esquite
Q5243850	en	corn salad
Q5243850	en	street corn salad
Q525062	en	Benzoin
Q525062	en	Storax
Q5254978	en	breath mint
Q5254978	en	mint candy
Q5279865	en	broad-leaved tamarind
Q5279865	en	native tamarind
Q5279865	en	tamarind
Q5304734	en	Orchid
Q5309466	en	cured ham
Q5339237	en	squash
Q5339237	en	squash (plant)
Q5339301	en	Squash
Q5339301	en	squash
Q53476	en	Hierbabuena
Q53476	en	Labiatae
Q53476	it	Labiate
Q5361217	it	succo di limetta
Q5396362	en	Mustard
Q5413585	en	European blueberry
Q5413585	en	bilberry
Q5413585	en	blaeberry
Q5413585	en	blue whortleberry
Q5413585	en	common bilberry
Q5413585	en	fraughan
Q5413585	en	huckleberry
Q5413585	en	hurt
Q5413585	en	hurtleberry
Q5413585	en	urts
Q5413585	en	whinberry
Q5413585	en	whort
Q5413585	en	whortleberry
Q5413585	en	wimberry
Q5413585	en	winberry
Q5413585	it	mirtillo nero
Q543127	en	bourbon
Q543127	en	whiskey bourbon
Q5437342	en	fatback bacon
Q5437342	it	grasso suino
Q5437342	it	lardo
Q5446633	en	Fig
Q5454761	en	Orchid
Q5455689	en	Orchid
Q5456906	en	Custard apple
Q5460865	en	Olive
Q5461932	en	Convoluta krana
Q5467596	en	Catfish
Q5471610	en	Orchid
Q5473145	en	Orchid
Q5476482	en	Orchid
Q5485459	en	Orchid
Q5486020	en	Celery
Q5486855	en	Celery
Q5488919	en	Rosemary
Q5488919	en	St Helena rosemary
Q5492045	en	anisetree
Q5492045	en	star anise
Q55706475	en	Sunchokes
Q55706475	en	helianthus tuberosus tuber
Q55706475	en	lambchoke
Q55706475	en	sunchoke
Q55706475	en	sunroot
Q55706475	en	topinambur
Q55740316	en	Cumin Oil
Q55740316	en	Cumin Seed Oil
Q55740316	en	cumin seed oil
Q55740316	it	olio di semi di cumino
Q55830831	en	cod oil
Q5723577	en	Chamamelum nobile
Q5723577	en	Roman chamomile
Q5723577	en	chamomile
Q5723577	en	garden dog-fennel
Q5723577	it	Anthemis nobilis
Q5723577	it	Chamaemelum nobilis
Q5726231	en	Orchid
Q5727732	en	lemongrass
Q5727732	it	citronella
Q57328933	en	black currant juice
Q575174	en	Chesnik
Q575174	en	celery root
Q575174	en	knob celery
Q575174	en	turnip-rooted celery
Q575174	it	sedano-rapa
Q57543544	en	aronia
Q57544960	it	cavolo broccolo
Q57655614	en	passionfruit juice
Q57655614	it	succo di maracuja
Q578307	en	European hazelnut
Q578307	en	cobnut
Q578307	en	filbert
Q578904	en	Bulgarian rose
Q578904	en	Castile rose
Q578904	en	Damask rose
Q578904	en	Damask roses
Q578904	en	Emirati rose
Q578904	en	Iranian rose
Q578904	en	Ispahan rose
Q578904	en	Rosa damascena
Q578904	en	Rosa x damascena
Q578904	en	Taif rose
Q578904	en	Turkish rose
Q578904	en	damascene rose
Q58677	en	cabbage
Q58677	en	mustard
Q58677	it	senape
Q5881191	en	melon fruit
Q5881191	en	melons
Q59420273	en	feijoa
Q59420273	en	guavasteen
Q59420273	en	pineapple guava
Q59576	en	catfish
Q59576	en	catfishes
Q59576	it	Siluriformi
Q5977438	en	cider
Q5977438	en	cloudy apple juice
Q5977438	en	soft cider
Q5977438	en	sweet cider
Q59798	en	fig
Q59798	en	figs
Q59798	en	the fig genus
Q600396	en	edible fish
Q600396	en	fish flesh
Q600396	en	fish meat
Q600498	en	Southern green stink bug
Q602740	en	Blackberry
Q602740	en	Bramble
Q60708120	en	European blueberry
Q60793528	en	leaves oil pl.
Q60849514	en	Gomen oil
Q6097	it	the
Q6097	it	thè
Q61046162	it	aglio d'india
Q611843	en	Octopus genus
Q611843	it	polpo
Q6122027	en	Myrtus communis
Q6122027	en	true myrtle
Q6122027	it	Myrtus communis L.
Q6122027	it	mirto
Q6122027	it	mortella
Q6146274	en	tuna
Q6146274	en	tunny fish
Q6146274	en	tunny-fish
Q61503220	en	soya bean
Q61503220	en	soyabean
Q61503220	en	soybean
Q61503220	it	fagiolo cinese
Q61503220	it	fagiolo di soia
Q61503220	it	fava di soia
Q61505177	it	lenticchie
Q61665121	en	barley grain
Q61665121	en	barley seed
Q61665121	en	barleycorn
Q61665121	en	corn
Q61671872	en	bitter orange
Q61676627	en	Brassica oleracea L. var. viridis L.
Q61676627	en	kale
Q618345	en	Applesauce
Q618345	en	applesauce
Q618355	en	Apple juices
Q618355	en	applejuice
Q61858403	en	cantaloupe melon
Q61858403	en	rockmelon
Q61858403	en	sweet melon
Q61864890	en	lobster as food
Q61864890	en	lobster flesh
Q61864890	en	lobster meat
Q61864890	it	astice
Q62030277	en	sweet cherry juice
Q62728616	en	cabbage
Q62728616	en	white cabbage
Q634975	en	rugosa rose
Q6401215	en	Plum
Q640505	en	Rosa centifolia
Q640505	en	Rosa gallica var. centifolia
Q640505	en	Rosa × gallica var. centifolia
Q64211954	en	Spearmint oil
Q64211954	en	curly mint oil
Q642906	en	sweetfish
Q6431091	en	Coffee
Q6431091	en	Kopi
Q643419	en	lamb
Q643419	it	abbacchio
Q652206	en	Benincasa cerifera
Q652206	en	Benincasa hispida
Q652206	en	Chinese preserving melon
Q652206	en	Cucurbita hispida
Q652206	en	ash gourd
Q652206	en	ash pumpkin
Q652206	en	tallow gourd
Q652206	en	white gourd
Q652206	en	winter gourd
Q652206	en	winter melon
Q654236	en	edible fungi
Q654236	en	edible mushrooms
Q654236	en	mushroom
Q654236	en	mushrooms as food
Q654236	it	fungo edule
Q654236	it	fungo mangereccio
Q65522500	it	foglia di prezzemolo
Q65522654	it	basilico
Q65523167	en	Chinese parsley
Q65523167	en	coriander
Q65523167	en	coriander leaf
Q65523167	it	coriandolo
Q65524294	en	bakeapple
Q65524294	en	knotberry
Q65524294	en	knoutberry
Q65524294	en	low-bush salmonberry
Q65524294	en	nordic berry
Q65524294	it	lakka
Q65524294	it	lampone artico
Q65524294	it	rovo artico
Q65556563	en	Eau de Cologne mint
Q65556563	en	Mentha aquatica
Q65556563	en	bergamot mint
Q6565319	en	common lilac
Q6565319	en	lilac
Q6565319	it	Syringa vulgaris
Q657997	en	Levant wormseed
Q657997	en	santonica
Q657997	en	wormseed
Q65947816	en	Kauaʻi forest sandalwood
Q65947816	en	Kauaʻi sandalwood     Sandalwood
Q65947816	en	sandalwood
Q65947816	en	‘iliahi
Q66372043	en	Hot Cocoa
Q66372043	en	Kiwi
Q66372043	en	Nubya
Q66372043	en	WEKpaltiez
Q6648683	en	Sugar Apples
Q6648683	en	custard apple
Q6648683	en	sugar apple
Q6648683	en	sweetsop
Q67188394	en	mountain sandalwood
Q67188394	en	sandalwood
Q67188796	en	wild rice
Q67197320	en	Pilger's sandalwood
Q67197320	en	mountain sandalwood
Q67197320	en	sandalwood
Q67206407	en	French red shallot
Q67590382	en	mussel
Q6766526	en	dried plum
Q6766526	en	prunes
Q67756353	en	beef tallow
Q67778134	en	Sambuci flos
Q67778134	en	elder flower
Q67778134	en	elderberry flower
Q67778134	en	elderberry flowers
Q681770	en	Frank sausage
Q681770	en	Frankfurt sausage
Q681770	en	Frankfurter
Q681770	en	Frankfurter sausage
Q681770	it	Frankfurter Würstchen
Q681770	it	salsiccia di Francoforte
Q68315046	it	foglia di rosmarino
Q68440694	en	haddock
Q685336	en	Long pepper
Q6855694	en	Orchid
Q6856481	en	Orchid
Q6901558	en	Calabash nutmeg
Q6917113	en	Saffron
Q694319	en	Scolopax minor
Q694319	en	ditch chicken
Q694319	en	potato
Q694319	en	timberdoodle
Q694319	it	Beccaccia americana
Q7090055	en	Fish oil
Q7104098	en	Orris oil
Q7104098	en	Orris root absolute
Q7104098	en	beurre d'iris
Q7104098	en	iris oil
Q7104098	en	oil of iris pallida
Q7104098	en	orris butter
Q71549	en	Yam
Q71549	it	Igname
Q7161184	en	'citrosum'
Q7161184	en	Pelargonium
Q7161184	en	Pelargonium × citrosum
Q7161184	en	Pelargonium ×citrosum
Q7161184	en	citrosa geranium
Q7161184	it	Pelargonium ×citrosum
Q7177505	en	callitris glauca
Q7177505	en	white cypress pine
Q7177630	en	Australian blue cypress
Q7177630	en	Northern Australian cypress pine
Q7177630	en	blue cypress
Q7177630	en	cypress pine
Q7177630	en	iaguni
Q7177630	en	kamtirrikani
Q7177630	en	northern Christmas tree
Q7177630	en	northern Xmas tree
Q7177630	en	northern cypress pine
Q719725	en	baker's yeast
Q719725	en	baking yeast
Q719725	en	brewer's yeast
Q719725	en	budding yeast
Q719725	en	yeast
Q719725	it	Lievito da cucina
Q719725	it	Lievito di birra
Q720501	en	hyssop
Q7217716	en	rhubarb
Q7217716	en	rhubarbs
Q7221222	en	Sausages in Italian cuisine
Q7221222	en	salsiccia
Q7224565	en	radish
Q7224565	it	Raphanus sativus
Q72460907	en	cinnamon bark oil
Q72460907	en	cinnamon leaf oil
Q72480837	en	oil of grapefruit
Q72487476	en	Citrus Aurantifolia Extract
Q72487476	en	Lime Juice Powder
Q72487476	en	Lime Oil Cold Pressed
Q72488245	en	Majorana hortensis oil
Q72488245	en	Marjoram essential oil
Q72488245	en	Marjoram oil
Q72488245	en	Origanum majorana
Q72488245	en	Sweet marjoram oil
Q72497957	en	Thymus capitatus oil
Q72497957	it	essenza di origano
Q72497957	it	essenze di origano
Q72497957	it	olio essenziale di origano
Q72499575	en	oil of patchouli
Q72499575	en	oil of patchouly
Q72499575	en	patchouli
Q72499575	en	patchouli essential oil
Q72499575	en	patchouly essential oil
Q72499575	en	patchouly oil
Q72499909	en	Pine Needle Oil
Q72499909	en	pine oil
Q72509416	en	Mandarin essential oil
Q72509416	en	Mandarin oil
Q72513727	en	Agathosma betulina leaf oil
Q72513727	en	Buchu Extract
Q72513727	en	Buchu Leaf Oil
Q72515843	en	Chinese cinnamon oil
Q72515843	en	Cinnamon oil
Q72827	it	sugna
Q729	en	Animalia
Q729	en	Metazoa
Q729	en	animals
Q729	en	the animal kingdom
Q729	it	mondo animale
Q729	it	regno animale
Q7360490	en	Pectinidae
Q7360490	it	Pectinidae
Q7360490	it	cappasanta
Q7368949	en	mango
Q7370926	en	Chinese cinnamon
Q7370926	en	Rou Gui tea
Q7370926	en	cassia
Q7376217	en	black raspberry
Q7405484	en	salmon flesh
Q7405484	en	salmon meat
Q74068	en	Sawara Cypress
Q740887	en	Gardenia obtusifolia Roxb. ex Hook.f.
Q740887	en	jasmineoides
Q740887	it	Gardenie
Q7420024	en	Freycinet sandalwood
Q7420024	en	Lanai sandalwood
Q7420024	en	forest sandalwood
Q7420024	en	sandalwood
Q743084	en	Coregonus lavaretus and allies
Q743084	en	European whitefish
Q743084	en	Lavarello
Q743084	en	common whitefish
Q743084	en	lavaret
Q743084	en	whitefish
Q743084	it	Lavarello
Q745	en	strawberries
Q745	en	strawberry
Q745	it	fragola
Q746471	en	bleu cheese
Q746471	en	blue-veined cheese
Q746471	it	blue cheese
Q746471	it	erborinato
Q746471	it	formaggio blu
Q746471	it	formaggio erborinato
Q74662248	en	bean
Q74662248	en	dry common bean
Q74662248	it	fagiolo comune
Q747652	en	Bhutan pine
Q747652	en	Himalayan pine
Q747652	en	Himalayan white pine
Q747652	en	Pinus excelsa
Q747652	en	blue pine
Q748786	en	cod-liver oil
Q752675	en	common hogweed
Q752675	en	cow parsnip
Q752675	en	eltrot
Q752675	en	hogweed
Q752675	it	Panace
Q752675	it	Spondilio
Q7533	en	Cucurbita pepo var. cylindrica
Q7533	en	baby marrow
Q7533	en	courgette
Q7533	it	zucchino
Q7535	en	Rheum rhabarbarum
Q7535	en	garden rhubarb
Q7535	it	Rheum rhabarbarum
Q7537	en	Brassica oleracea Cauliflower group
Q7537	en	Brassica oleracea botrytis
Q7537	en	cauliflower
Q7537	en	cauliflower plant
Q7537	it	cavolfiore
Q7540	en	aubergine
Q7540	en	brinjal
Q7540	en	eggfruit
Q7540	en	eggplant
Q7540	en	guinea squash
Q7540	en	mad apple
Q7540	en	melongene
Q7540	en	purple cucumber
Q7540	en	white eggplant
Q7540	it	melanzana
Q7540	it	melenzana
Q756	en	Supergroup Plantae
Q756	en	green plant
Q756	en	green plants
Q756	en	kingdom Plantae
Q756	en	planta
Q756	en	plants
Q756	en	plantæ
Q756	it	pianta
Q756	it	plantæ
Q757123	en	Mimosa
Q757123	it	mimosa
Q764	en	fungus
Q764	it	Funghi
Q764	it	Fungo
Q764	it	Miceti
Q768267	en	breakfast flakes
Q768267	en	cereal
Q774278	en	baby onion
Q774278	en	bunch onion
Q774278	en	green onion
Q774278	en	green shallot
Q774278	en	long onion
Q774278	en	onion stick
Q774278	en	precious onion
Q774278	en	salad onion
Q774278	en	spring onion
Q774278	en	yard onion
Q775027	en	snails
Q780	en	Gallus gallus domesticus
Q780	en	chickens
Q780	en	vistas
Q780	it	Gallus gallus domesticus
Q780	it	gallo domestico
Q7802	en	breads
Q7802	en	bun
Q7802	en	buns
Q7850807	en	Truffle genus
Q78787699	en	ham
Q78787699	en	pork leg
Q78787699	it	coscia di suino
Q7885904	en	cashew
Q7885904	it	mandorla d'anacardio
Q7885904	it	nocciola d'anacardio
Q789800	en	brown-eyed rockrose
Q789800	en	common gum cistus
Q789800	en	gum rockrose
Q789800	en	labdanum
Q7914300	en	Orchid
Q791577	en	Basil oil
Q791577	en	Basil sweet absolute
Q795069	en	lulo melijillo
Q795069	en	naranjilla
Q797560	en	Babaco
Q797560	en	Carica ×heilbornii var. pentagona
Q797560	it	babaco
Q80235	en	tamarind
Q80235	it	Tamarindo
Q8038329	en	Spearmint
Q80531	en	gumbo
Q80531	en	ladies' finger
Q80531	en	lady's finger
Q80531	en	ladyfinger
Q80531	en	ocra
Q80531	en	okra
Q80531	en	okra plant
Q80531	it	Gombo
Q80531	it	Hibiscus esculentus
Q80531	it	Okra
Q80531	it	abelmosco commestibile
Q80531	it	abelmosco esculento
Q81	en	carrot taproot
Q81	en	domesticated carrot
Q81375	en	bengal gram
Q81375	en	cece
Q81375	en	ceci
Q81375	en	chana
Q81375	en	chick pea plant
Q81375	en	chickpea
Q81375	en	chickpeas
Q81375	en	chola
Q81375	en	garbanzo
Q81375	en	kabuli chana
Q81375	it	Ceci
Q81375	it	Cecio
Q8143524	en	Buekia malaccensis
Q8143524	en	Catimbium malaccense
Q8143524	en	Costus malaccensis
Q8143524	en	Languas malaccensis
Q8143524	en	Maranta malaccensis
Q81464	en	spinach
Q81464	en	spinach plant
Q81464	it	Spinaci
Q81464	it	Spinacio
Q81513	en	Papeda (citrus)
Q81513	it	agrume
Q81602	en	melon
Q81602	en	melon plant
Q81602	en	musk melon
Q81602	en	muskmelon
Q81602	en	true melon
Q81602	it	Melone
Q81602	it	Melone giallo
Q81602	it	Melone verde
Q81602	it	Popone
Q8162866	en	European spiny lobster
Q8162866	en	Mediterranean lobster
Q8162866	en	Palinurus vulgaris
Q8162866	en	common spiny lobster
Q8162866	en	crawfish
Q8162866	en	cray
Q8162866	en	crayfish
Q8162866	en	red lobster
Q81666	en	acacias
Q81666	en	wattles
Q81666	it	acacie
Q81666	it	mimose
Q81671	en	Brazil nut
Q81671	en	Brazil-nut tree
Q81671	it	Noce del Brasile
Q81900	en	squid
Q81900	en	squids
Q81900	it	calamaro
Q82014	en	jasmine
Q82014	it	gelsomini
Q82014	it	gelsomino
Q83054	en	attar of roses
Q83054	en	otto of roses
Q83054	en	rose essence
Q83054	en	rose essential oil
Q83054	it	Essenza di rosa
Q83124	en	Manihot Esculenta
Q83124	en	Manihot esculenta
Q83124	en	cassava plant
Q83124	en	mandioca
Q83124	en	manioc
Q83124	it	Manihot esculenta
Q83124	it	cassava
Q83124	it	yuca
Q83165	en	nutmeg seed
Q83193	en	lettuce
Q83193	it	lattuga
Q83376	en	rums
Q83376	it	rhum
Q83376	it	ron
Q83543369	en	Honey
Q83639257	en	Pistachio
Q83648992	en	Ginger
Q83666454	en	Tangerine
Q83667619	en	Gardenia
Q83668994	en	Mandarin
Q83670055	en	Mango
Q83670258	en	Tequila
Q83672342	en	Lavender
Q83672418	en	Brandy
Q83673081	en	Carnation
Q83690793	en	Mandarin
Q83690793	en	Mandarin (1951)
Q83690901	en	Paprika
Q83690901	en	Paprika (1995)
Q83690905	en	Mandarin
Q83690905	en	Mandarin (1987)
Q841156	en	nectarines
Q841156	it	nettarina
Q841156	it	pesca nettarina
Q843371	en	Anarta trifolii
Q843371	en	Discestra trifolii
Q844466	en	crispy pork
Q844466	en	roasted pig
Q844466	en	roasted pork
Q847930	en	chamomile
Q847930	en	chamomiles
Q848174	en	Juniperi aetheroleum
Q848174	en	juniper berry essential oil
Q848174	en	juniper berry oil
Q8486	it	espresso
Q848706	en	farm turkey
Q848706	en	turkey
Q8492	en	fruit and vegetable juice
Q8492	en	fruit and vegetable juices
Q8492	en	fruit juice
Q8492	en	juice drink
Q8492	en	plant juice
Q8492	en	vegetable juice
Q8492	it	succhi di frutta e di verdura
Q8492	it	succhi di frutta e vegetali
Q8492	it	succo
Q851829	en	tobacco
Q851829	en	tobacco plant
Q852262	en	Siberian Fir
Q856775	en	maize oil
Q857159	en	Canada cockleburr
Q857159	en	Xanthium pensylvanicum
Q857159	en	chayote
Q857159	en	cockle bur
Q857159	en	cocklebur
Q857159	en	common cocklebur
Q857159	en	kikania
Q857159	en	large cocklebur
Q857159	en	rough cocklebur
Q857159	en	rough cockleburr
Q857159	en	spiny cockleburr
Q857159	it	Xanthium saccharatum
Q857994	en	Australian ghost shark
Q857994	en	elephant fish
Q857994	en	elephant shark
Q857994	en	plough-nose chimaera
Q857994	en	whitefish
Q864693	en	chick meat
Q864693	en	chicken
Q864693	en	chicken food
Q864693	en	chicken meat
Q864693	en	cooked chicken
Q864693	en	hen meat
Q864693	en	rooster meat
Q864693	it	pollo
Q87175898	en	cacao nut
Q87175898	en	chocolate beans
Q87175898	en	cocoa bean
Q875262	en	Citrus × unshiu
Q875262	en	cold-hardy mandarin
Q875262	en	naartjie
Q875262	en	satsuma
Q875262	en	satsuma orange
Q875262	en	tangerine
Q875262	en	unshū mikan
Q875262	it	Citrus unshiu
Q875262	it	Mikan
Q875262	it	Miyagawa
Q875262	it	Myacawa
Q875262	it	Satsuma
Q879005	en	Bitter almond oil
Q89	en	apple fruit
Q89	it	pomo
Q893	en	squash
Q899561	en	meat roast
Q899561	en	roast meat
Q899561	en	roasted meat
Q899640	en	roasted chicken
Q900534	en	oil of lavender
Q900534	en	oil of spike
Q900616	en	neroli oil
Q901367	en	Japanese whiskey
Q902704	it	Armelline
Q904800	it	Olio essenziale di citronella
Q906404	en	petitgrain bigarade
Q906404	en	petitgrain oil
Q9067982	en	Orchid
Q909729	en	milk fat
Q909729	en	milkfat
Q909729	it	burro di pasticceria
Q911712	en	bread yeast
Q911712	en	yeast
Q912522	en	Cola
Q916760	en	crawfish
Q916760	en	crayfish
Q916760	en	kreef
Q916760	en	langouste
Q916760	en	langustas
Q916760	en	rock lobster
Q916760	en	rock lobsters
Q916760	en	sea crayfish
Q916760	en	spiny lobster
Q916760	en	spiny lobsters
Q916760	it	aragoste
Q917574	it	briosce
Q917574	it	brioscia
Q926892	en	soy bean oil
Q926892	en	soya oil
Q926892	it	olio di soia
Q93099450	en	snails
Q93165	en	Olive oil
Q93165	en	Olive oils
Q93165	it	olio d'oliva
Q93189	en	egg
Q93189	en	eggs
Q93189	it	uova
Q93201	en	tulip
Q93201	en	tulips
Q93201	it	Tulipani
Q93201	it	Tulipano
Q932214	en	Emmental cheese
Q932214	en	Emmentaler
Q932214	it	emental
Q932214	it	emmentaler
Q932214	it	emmenthal
Q932214	it	formaggio emmental
Q93235	en	Vaccinium vitus-idaea
Q93235	en	bearberry
Q93235	en	beaverberry
Q93235	en	cougarberry
Q93235	en	cowberry
Q93235	en	foxberry
Q93235	en	lingonberry
Q93235	en	lowbush cranberry
Q93235	en	mountain bilberry
Q93235	en	mountain cranberry
Q93235	en	partridgeberry
Q93235	en	quailberry
Q93235	en	red whortleberry
Q93235	en	redberry
Q93235	it	mirtillo rosso
Q93235	it	vite d'orso
Q934761	en	Anarhichas lupus
Q934761	en	Atlantic catfish
Q934761	en	cahlo
Q934761	en	catfish
Q934761	en	devil fish
Q934761	en	ocean catfish
Q934761	en	sea cat
Q934761	en	seawolf
Q934761	en	wolf eel
Q934761	en	wolf fish
Q934761	en	wolffish
Q940047	en	red sorrel
Q940047	en	sorrel
Q940047	it	karkadè
Q94787	it	olio di girasole
Q948827	en	American papaw
Q948827	en	Indian-banana
Q948827	en	dog-banana
Q948827	en	paw paw
Q948827	en	pawpaw
Q948827	it	Paw paw
Q957434	en	calf meat
Q957434	it	carne di vitello
Q960124	en	Holy basil
Q960124	en	Ocimum tenuiflorums
Q960124	en	Thai holy basil
Q960124	en	Tulsi
Q960124	it	Basilico sacro
Q960124	it	Tulasi
Q960124	it	Tulsi
Q961769	en	alligator pear
Q961769	en	avocado pear
Q961769	en	avocadoes
Q961769	en	avocados
Q961769	it	Persea americana
Q96362076	en	chicken broth
Q96362190	en	beef broth
Q968519	en	Orchid
Q97204632	en	rose
Q97204632	en	rose sauce
Q97204632	en	rosé
Q9896	it	pesto
Q99548274	en	Beets
Q99548274	en	beet green
Q99548274	en	beet greens
Q99548274	en	beet leaf
Q99548274	en	beet leaves
Q99548274	en	beet root
Q99548274	en	beetroot
Q99548274	en	beetroot leaf
Q99548274	en	beetroot leaves
Q99761723	en	oregano leaf oil
