qid	label_en	label_it
Q102229488	Pacific salmon	
Q10296510	German sausage	insaccato tedesco
Q104126379	citrus juice	succo di agrumi
Q104188376	fish liver oil	
Q10426	cold cut	affettato
Q104738415	hazelnut	
Q10514020	potato dish	piatto a base di patate
Q105815873	chewing gum brand	
Q10593333	meal drink	
Q1065241	fried chicken	pollo fritto
Q107122728	plant-based food	alimento di origine vegetale
Q10752679	nut butter	burro di frutta secca
Q107695269	cooked grain	
Q1086824	cultivated edible plant	ortaggio
Q1089663	Grana Cheese	grana
Q109037830	cereal flakes	fiocchi di cereali
Q10943	cheese	formaggio
Q10990	meat	carne
Q11004	vegetable	verdura
Q110184114	maize flour	farina di mais
Q11090700	tea	
Q110908304	plant-based beverage	bevanda di origine vegetale
Q11106	bacon	bacon
Q111855485	vitamin K-rich food product	
Q112224298	vertebrate animal food product	
Q11254	table salt	sale da cucina
Q11258817	fermented alcoholic beverage	bevanda alcolica fermentata
Q113773097	soft cow dairy product	
Q1142986	rice wine	vino di riso
Q1147571	coffee substitute	sostituto del caffè
Q115435123	dairy-milk beverage	bevanda a base di latte
Q115618517	lemon and lime juice	succo di limone o lime
Q1164590	almond oil	olio di mandorle
Q118056350	plums liquor	
Q11870297	vegetable fat	grassi e oli vegetali
Q1209756	grape juice	succo d'uva
Q12117	cereal	cereale
Q122973887	sugary drink	
Q123122627	sheep meat	carne ovina
Q123151678	curd cheese	
Q12366140	roe	
Q12372598	plum	susina
Q124748491	mammal meat	
Q124810263	Salmonidae as food	
Q124815153	bovid meat	
Q124816391	animal as food	
Q12565022	food preserve	
Q126959354	berry juice	succo di frutti di bosco
Q12973313	non-vegetarian food	
Q13030962	convenience food	alimento pronto
Q130752177	fresh fruit	
Q13099586	pear	pera
Q131419	sausage	insaccato
Q1316209	street food	cibo di strada
Q13186	raisin	uva passa
Q13195	lime	limetta
Q13202263	peach	pesca
Q132129088	fruit for processing	
Q13266	cookie	cookie
Q13417200	carbonated beverage	bevanda effervescente
Q134768	cocktail	cocktail
Q134999560	pesto variants	
Q135411960	chocolate beverage	
Q1365365	stimulant foodstuff	alimento stimolante
Q137373435	blueberry	
Q138675588	yerba mate beverage	
Q138848994	designated vegetable	
Q1401891	viennoiserie	viennoiserie
Q140520817		
Q141065871	starchy root vegetable	
Q1411808	sheep milk cheese	formaggio pecorino
Q1412505	pasta filata	formaggio a pasta filata
Q1423543	animal fats and oils	grassi e oli animali
Q1427844	meat dish	piatto a base di carne
Q1427887	meat product	prodotto a base di carne
Q1432594	Spanish wine	vino spagnolo
Q14328596	cabbage	cavolo
Q1436715	groat	granella
Q145150	fruit of Maloideae	frutto di Maloideae
Q145909	legume	legumi
Q146470	brandy	brandy
Q1470283	liver as food	fegato
Q1470762	fruit vegetable	ortaggi da frutto
Q1472481	spread	crema spalmabile
Q147538	soft drink	bibita
Q1479546	grain spirit	acquavite di cereali
Q1501257	vegetable juice	succo di verdura
Q15299026	fermented milk	
Q1531597	raw-milk cheese	
Q154	alcoholic beverage	bevanda alcolica
Q1548030	bell pepper	peperone
Q15850295	cuts of pork	taglio di carne di maiale
Q16128920	berry	frutti di bosco
Q1626612	vino generoso	
Q16266745	flour-based food	alimento a base di farina
Q1628963	appetizer	antipasti
Q165199	chili pepper	peperoncino
Q16637313	dairy cheese	
Q1682434	smoked meat	carne affumicata
Q169	mango	mango
Q170486	ham	prosciutto
Q170885	essential oil	olio essenziale
Q17105036	dripping	
Q17116096	hard candy	
Q17119307	summer squash	zucca da zucchina
Q1727434	fat spread	grasso spalmabile
Q17315191	Italian cheese	formaggio italiano
Q17504707	tuna	
Q1762933	seed	semi
Q178	pasta	pasta italiana
Q178359	sauce	salsa
Q1786125	fish oil	olio di pesce
Q1786540	nutritional yeast	Lievito alimentare
Q18087876	poultry meat	carne di pollame
Q1811022	marine animal oil	olio animale marino
Q182940	dessert	dessert
Q18396734	smoked food	cibo affumicato
Q184357	almond	mandorla
Q185217	dairy product	latticinio
Q1854639	dumpling	gnocchi
Q185583	candy	caramella
Q18679149	fish dish	piatto a base di pesce
Q18679685	pasta dish	piatto a base di pasta
Q186817	porridge	porridge
Q1872262	dairy drink	bevanda a base di latte
Q1883967	herbal liqueur	liquore alle erbe
Q188672	bran	crusca
Q189567	food additive	additivo alimentare
Q191768	pork	carne di maiale
Q192628	beef	manzo
Q192874	noodle	pasta lunga
Q192935	seafood	prodotti ittici
Q19359564	hot beverage	bevanda calda
Q19361017	British cheese	formaggio britannico
Q19361019	German cheese	
Q1943539	whey cheese	formaggio di siero di latte
Q195	chocolate	cioccolato
Q1953925	Mus	
Q196819	zest	scorza
Q19862498	game meat	carne di selvaggina
Q198815	goat cheese	formaggio di capra
Q20134	leaf vegetable	ortaggi a foglia
Q20136	root vegetable	ortaggi da radice
Q203415	black tea	tè nero
Q208028	Gadidae	Gadidae
Q2089240	oatmeal	farina d'avena
Q20932605	fruit juice	succo di frutta
Q2095	food	alimento
Q211439	fodder	mangime
Q21546392	garlic	aglio
Q215754	energy drink	bevanda energetica
Q21595102	yeast bread	pane lievitato
Q21596812	sweet bread	pane dolce
Q2166541	eau-de-vie	
Q21976260	rice dish	piatto a base di riso
Q222216	fruit brandy	distillato di frutta
Q2223649	French cheese	formaggio francese
Q2251745	baked good	prodotto da forno
Q231587	oolong	oolong
Q234901	dried fruit	frutta essiccata
Q2349698	edible flower	fiore commestibile
Q2536409	IBA official cocktail	cocktail ufficiali IBA
Q25403900	food ingredient	ingrediente alimentare
Q25579312	jajan pasar	
Q2574750	citrus fruit	agrume
Q2585022	winter vegetable	
Q2596997	condiment	condimento
Q260568	charcuterie	charcuterie
Q2625877	type of pasta	tipi di pasta
Q2640574	plant milk	latte vegetale
Q2643145	cereals and pseudocereals	granaglie
Q2647467	non-alcoholic beverage	bevanda analcolica
Q26842995	Processed milk. Dairy products and dairy constituents other than cow milk butter, butter paste, cheese, cheese products and milk fat	
Q26844116	cheese and cottage cheese	
Q26845135	processed liquid milk	latte liquido processato
Q26868224	fermented milk products, other than sour cream and cottage cheese	
Q26868628	yoghurt and other types of milk or cream, fermented or soured	
Q26869352	dry butter	
Q26879661	cherry liqueur	liquore alla ciliegia
Q26882158	cream butter	
Q27044265	Greek cheese	
Q27045126	tropical fruit juices	succo di frutta tropicale
Q2719623	nectar	nettare
Q2746643	fig	fico
Q27494305		
Q27494555		
Q275068	broth	brodo
Q27555297	string-like macaroni products	
Q27876311		
Q278818	must	mosto
Q27994917	chicken dish	piatto a base di pollo
Q281	whisky	whisky
Q28100020	pork dish	piatto a base di maiale
Q28100128	salmon dish	piatto a base di salmone
Q28100368	beef dish	piatto a base di manzo
Q28100830	goat meat dish	piatto a base di carne di capra
Q28165	cinnamon	cannella
Q282	wine	vino
Q28836677	soy food	alimento a base di soia
Q29043273		
Q2957687	meat pastry	
Q2963409	chicory	
Q297292	oil seed	seme oleaginoso
Q2987371	green bean	fagiolino
Q2995529	grain	chicco
Q29957571	wild food	cibo selvatico
Q30703616	chip	
Q3075310	stock	Fondo di cucina
Q3088299	cow's-milk cheese	formaggio vaccino
Q3088323	industrial cheese	
Q3088330	pressed cooked cheese	formaggio a pasta pressata cotta
Q3088345	mixed milk cheese	
Q3127419	herring	aringa
Q3127593	paprika	paprica
Q3143131	peppercorn	pepe
Q31839438	food crop	coltura alimentare
Q3194888	salume	salume
Q3241599	currant	ribes
Q3243069	red meat	carne rossa
Q3314483	fruit	frutta
Q3320037	nut	frutta secca
Q3323634	fresh cheese	formaggio fresco
Q3395974	table apple	
Q3395987	cooking apple	
Q3400794	sweetener	dolcificante
Q3406628	onion	cipolla
Q3506176	fermented milk product	latticinio fermentato
Q36465	flour	farina
Q3687258	preserved food	alimento conservato
Q3688975	side dish	contorno
Q3757650	stone	
Q37756327	coffee drink	bevanda a base di caffè
Q379813	bean	legume
Q379932	herbal tea	tisana
Q381350	semolina	semolino
Q391604	mould cheese	
Q397926	aguardiente	aguardiente
Q40050	drink	bevanda
Q4031337	fruit liqueur	liquore di frutta
Q40763	seed	seme
Q4173974	flavoring	sapore
Q42527	spice	spezie
Q427457	cooking oil	olio alimentare
Q44	beer	birra
Q46019061	vegetables and gourds (except potatoes)	
Q46025316	buttermilk and buttermilk-based beverages	
Q4739805	vegetable oil	olio vegetale
Q4764984	animal-based food	alimento di origine animale
Q484083	green tea	tè verde
Q4928711	blue-backed fish	
Q50091090	wine spirit	acquavite di vino
Q5017160	caffeinated drink	
Q5090	rice	riso
Q5159627	confectionery	dolciume
Q51909896	effervescent wine	vino effervescente
Q5194698	cured fish	pesce stagionato
Q5194699	cured salmon	
Q5307391	dried fish	pesce essiccato
Q5309466	raw ham	prosciutto crudo
Q5338003	edible plant stem	
Q53619707	egg pasta	pasta all'uovo
Q5368822	parivyaya	
Q5435749	farmer cheese	
Q5458202	flavored liquor	distillato aromatizzato
Q5458204	flavored syrup	
Q549301	anise drink	bevanda spiritosa all'anice
Q5506416	fruit syrup	sciroppo di frutta
Q5532669	citrus soda	bibita agli agrumi
Q55404049	split pulse	
Q55448359	strain of cannabis	
Q55642411	tortilla	tortilla
Q56139	liquor	distillato
Q5620025	brined cheese	
Q56274178	food powder	polvere alimentare
Q56351009	alcoholic fruit beverage	
Q5702275	unleavened bread	pane azzimo
Q5726634	food paste	
Q5881191	melon	melone
Q59541	side dish	guarnizione
Q600396	fish as food	pesce
Q6058432	intralipid	
Q60792639	flower oil	olio di fiori
Q60793528	leaf oil	olio di foglia
Q60856462	oil from the endosperm	olio dall'endosperma
Q60864872	fir needle oil	olio dell'ago dell'abete
Q60886625	root oil	olio di radice
Q6097	tea	tè
Q618355	apple juice	succo di mela
Q61857870	muskmelon	
Q63442080	grated food	cibo grattugiato
Q636056	purée	purè
Q645858	dietary supplement	integratore alimentare
Q6501235	shellfish	frutti di mare
Q6509670	food preservative	conservante alimentare
Q654236	edible mushroom	fungo commestibile
Q6584340	syrup	sciroppo
Q659503	bird egg	
Q6648982	pet food	cibo per animali domestici
Q666242	flatbread	pane basso
Q6744639	malt beverage	
Q67862893	dried pea	piselli secchi
Q67873323	currant juice	succo di ribes
Q694536	American whiskey	
Q6950796	fermented food	alimento fermentato
Q6980681	natural food	
Q70608	smoked fish	pesce affumicato
Q72480169	geranium oil	
Q726413	mezcal	mezcal
Q72827	lard	strutto
Q7296903	raw meat	carne cruda
Q7340417	deep-fried food	alimento fritto
Q736427	staple food	alimento base
Q74048276	fruit preserves	conserva di frutta
Q7427595	sausage sandwich	
Q7445643	seed oil	olio di semi
Q746471	blue cheese	formaggio a pasta erborinata
Q746549	dish	piatto
Q74662248	common bean	fagiolo
Q748611	finger food	finger food
Q748786	cod liver oil	olio di fegato di merluzzo
Q749316	snack	snack
Q7493597	shelf-stable food	alimento a lunga conservazione
Q753009	food coloring	colorante alimentare
Q76749327	cultivated mushroom	
Q7802	bread	pane
Q8026408	winter squash	zucca invernale
Q80359036	alcohol brand	
Q80680	jenever	Jenever
Q81	carrot	carota
Q81513	Citrus	Citrus
Q81529568	fresh sausage	insaccato fresco
Q81621279	whole-muscle cut	salume non insaccato
Q81621610	raw whole-muscle cut	salume non insaccato crudo
Q81799	fast food	fast food
Q8195619	human food	alimento umano
Q844144	tropical fruit	frutta tropicale
Q84435149	chocolate dish	piatto a base di cioccolato
Q8492	juice	succo di frutta o verdura
Q8495	milk	latte
Q851384	junk food	cibo spazzatura
Q856330	cracker	cracker
Q863266	tallow	sego
Q864693	chicken as food	carne di pollo
Q887236	inflorescence vegetable	ortaggi da fiore
Q899561	roast	arrosto
Q899696	vegan food	cibo vegano
Q90000932	berry jam	
Q908833	raising agent	lievitante
Q912613	edible fats and oils	grassi e oli edibili
Q91309693	cider spirit	acquavite di sidro di mele
Q917574	brioche	brioche
Q9266	salad	insalata
Q93189	egg as food	uovo
Q9323487	food plant	pianta edibile
Q951964	food product	prodotto alimentare
Q961769	avocado	avocado
Q997002	Brühwurst	insaccato parzialmente bollito
