id,en,it,origin,note
abies-alba,abies alba,abete bianco,manual,
abies-alba-pine-needle,abies alba pine needle,aghi di abete bianco,manual,
abies-balsamea-oil,abies balsamea oil,olio essenziale di abete balsamico,manual,
abies-canadensis,abies canadensis,tsuga del Canada,manual,
abies-concolor,abies concolor,abete del Colorado,manual,
abies-sibirica,abies sibirica,abete siberiano,manual,
abies-sibirica-oil,abies sibirica oil,olio essenziale di abete siberiano,manual,
acacia,acacia,acacia,manual,
acacia-caven,acacia caven,Acacia caven,manual,Latin name kept
acacia-dealbata,acacia dealbata,mimosa,manual,
acacia-farnesiana,acacia farnesiana,gaggia,manual,
acacia-farnesiana-oil,acacia farnesiana oil,olio essenziale di gaggia,manual,
acacia-flower-oil,acacia flower oil,olio essenziale di fiori di acacia,manual,
achasma-walang,achasma walang,Achasma walang,manual,Latin name kept
achillea-ageratum,achillea ageratum,Achillea ageratum,manual,Latin name kept
achillea-micrantha-oil,achillea micrantha oil,olio essenziale di Achillea micrantha,manual,
achillea-millefolium,achillea millefolium,achillea millefoglie,manual,
aconitum-napellus,aconitum napellus,aconito napello,manual,
agaricus,agaricus,fungo prataiolo (Agaricus),reviewed,
agarwood,agarwood,legno di agar,reviewed,
agastache-formosana,agastache formosana,Agastache formosana,manual,Latin name kept
agastache-rugosa,agastache rugosa,menta coreana,manual,
agathosma-gnidioides-leaf-oil,agathosma gnidioides leaf oil,olio essenziale di foglie di Agathosma gnidioides,manual,
alcoholic-beverage,alcoholic beverage,bevanda alcolica,wikidata,
algae,algae,alghe,manual,
algerian-geranium-oil,algerian geranium oil,olio essenziale di geranio algerino,manual,
almond,almond,mandorla,wikidata,
almond-flower,almond flower,fiori di mandorlo,manual,
alpinia-malaccensis,alpinia malaccensis,Alpinia malaccensis,manual,Latin name kept
alpinia-malaccensis-oil,alpinia malaccensis oil,olio essenziale di Alpinia malaccensis,manual,
alpinia-sessilis,alpinia sessilis,Alpinia sessilis,manual,Latin name kept
ambergris-oil,ambergris oil,essenza d'ambra grigia,manual,
ambrette,ambrette,ambretta,manual,
ambrette-seed,ambrette seed,semi di ambretta,manual,
ambrette-seed-oil,ambrette seed oil,olio essenziale di semi di ambretta,manual,
american-cranberry,american cranberry,mirtillo rosso americano,manual,
american-pennyroyal,american pennyroyal,puleggio americano,manual,
american-peppermint,american peppermint,menta piperita americana,manual,
american-peppermint-oil,american peppermint oil,olio essenziale di menta piperita americana,manual,
american-potato-chip,american potato chip,patatine americane,manual,
american-sassafras-oil,american sassafras oil,olio essenziale di sassofrasso americano,manual,
american-storax,american storax,storace americano,manual,
ananas-sativus,ananas sativus,ananas (Ananas sativus),manual,
ananas-sativus-oil,ananas sativus oil,olio essenziale di ananas (Ananas sativus),manual,
andropogon-gragrans,andropogon gragrans,Andropogon gragrans,manual,Latin name kept
andropogon-intermedius,andropogon intermedius,Andropogon intermedius,manual,Latin name kept
andropogon-jwarancusa,andropogon jwarancusa,Andropogon jwarancusa,manual,Latin name kept
angelica,angelica,angelica,manual,
angelica-oil,angelica oil,olio essenziale di angelica,manual,
angelica-root,angelica root,radice di angelica,manual,
angelica-root-oil,angelica root oil,olio essenziale di radice di angelica,manual,
angelica-seed,angelica seed,semi di angelica,manual,
animal,animal,prodotti animali,manual,
anise,anise,anice,manual,
anise-brandy,anise brandy,acquavite di anice,manual,
anise-hyssop,anise hyssop,agastache anisata,manual,
anise-seed,anise seed,semi di anice verde,reviewed,
anise-seed-oil,anise seed oil,olio essenziale di semi di anice,manual,
annona-reticulata,annona reticulata,annona reticolata,manual,
apple-brandy,apple brandy,acquavite di mele,manual,
apple-juice,apple juice,succo di mela,wikidata,
apple-sauce,apple sauce,salsa di mele,wikidata,
apricot-kernel,apricot kernel,armellina,wikidata,
araucaria-cunninghamii,araucaria cunninghamii,Araucaria cunninghamii,manual,Latin name kept
aristolochia-clematitis,aristolochia clematitis,aristolochia clematite,manual,
armagnac,armagnac,armagnac,wikidata,
armenian-muscat-grape-oil,armenian muscat grape oil,olio essenziale di uva moscato armena,manual,
arnica-montana,arnica montana,arnica,manual,
arrack,arrack,arrak,wikidata,
artemisae-oil,artemisae oil,olio essenziale di artemisia,manual,
artemisia,artemisia,artemisia,manual,
artemisia-arborescens,artemisia arborescens,assenzio arboreo,manual,
artemisia-brevifolia,artemisia brevifolia,Artemisia brevifolia,manual,Latin name kept
artemisia-camphorata,artemisia camphorata,Artemisia camphorata,manual,Latin name kept
artemisia-cina,artemisia cina,santonico,manual,
artemisia-dracunculus-oil,artemisia dracunculus oil,olio essenziale di dragoncello,manual,
artemisia-ferganensis,artemisia ferganensis,Artemisia ferganensis,manual,Latin name kept
artemisia-frigida,artemisia frigida,Artemisia frigida,manual,Latin name kept
artemisia-frigida-oil,artemisia frigida oil,olio essenziale di Artemisia frigida,manual,
artemisia-hausiliensis,artemisia hausiliensis,Artemisia hausiliensis,manual,Latin name kept
artemisia-herba-alba,artemisia herba alba,Artemisia herba alba,manual,Latin name kept
artemisia-juncea,artemisia juncea,Artemisia juncea,manual,Latin name kept
artemisia-maritime-oil,artemisia maritime oil,olio essenziale di assenzio marino,manual,
artemisia-porrecta-oil,artemisia porrecta oil,olio essenziale di Artemisia porrecta,manual,
artemisia-santolinifolia,artemisia santolinifolia,Artemisia santolinifolia,manual,Latin name kept
artemisia-santolinifolia-oil,artemisia santolinifolia oil,olio essenziale di Artemisia santolinifolia,manual,
artemisia-scoparia,artemisia scoparia,Artemisia scoparia,manual,Latin name kept
artemisia-transiliensis,artemisia transiliensis,Artemisia transiliensis,manual,Latin name kept
artemisia-tridentata,artemisia tridentata,Artemisia tridentata,manual,Latin name kept
artemisia-verlo,artemisia verlo,Artemisia verlo,manual,Latin name kept
asarum-arifolium-root-oil,asarum arifolium root oil,olio essenziale di radice di Asarum arifolium,manual,
asarum-canadense-root-oil,asarum canadense root oil,olio essenziale di radice di Asarum canadense,manual,
asarum-europaeum-root-oil,asarum europaeum root oil,olio essenziale di radice di Asarum europaeum,manual,
ashanti-pepper,ashanti pepper,pepe di Ashanti,manual,
asian-storax,asian storax,storace asiatico,manual,
asparagus,asparagus,asparago,wikidata,
asperula-odorosa,asperula odorosa,asperula odorosa,manual,
atropa-belladonna-leaf,atropa belladonna leaf,foglie di belladonna,manual,
atropa-belladonna-root,atropa belladonna root,radice di belladonna,manual,
auricula-oil,auricula oil,olio essenziale di auricola,manual,
auto-oxidized-salmon-oil,auto oxidized salmon oil,olio di salmone autossidato,manual,
avocado,avocado,avocado,wikidata,
azalea,azalea,azalea,manual,
babaco,babaco,babaco,manual,
bachang,bachang,bachang,manual,
backhousia-citriodora,backhousia citriodora,mirto limone,manual,
backhousia-citriodora-oil,backhousia citriodora oil,olio essenziale di mirto limone,manual,
baeckea-citriodora,baeckea citriodora,Baeckea citriodora,manual,Latin name kept
baeckea-citriodora-oil,baeckea citriodora oil,olio essenziale di Baeckea citriodora,manual,
bael,bael,bael,manual,
baked-potato,baked potato,patata al forno,reviewed,
balm,balm,melissa,manual,
banana,banana,banana,wikidata,
banana-passion-fruit,banana passion fruit,curuba,manual,
bantu-beer,bantu beer,birra bantu,manual,
barley,barley,orzo,wikidata,
barosma-betulina,barosma betulina,buchu,manual,
barosma-crenulata,barosma crenulata,Barosma crenulata,manual,Latin name kept
barosma-pulchella-leaf-oil,barosma pulchella leaf oil,olio essenziale di foglie di Barosma pulchella,manual,
barosma-pulchella-oil,barosma pulchella oil,olio essenziale di Barosma pulchella,manual,
barosma-venustum,barosma venustum,Barosma venustum,manual,Latin name kept
bartlett-pear,bartlett pear,pera Williams,wikidata,
basil-oil,basil oil,olio essenziale di basilico,manual,
bay,bay,alloro,manual,same Italian name as a notebook ingredient
bay-laurel,bay laurel,lauro,manual,
bay-laurel-oil,bay laurel oil,olio essenziale di lauro,manual,
bean,bean,fagiolo,reviewed,
beech,beech,faggio,manual,
beech-tar-creosote,beech tar creosote,creosoto di catrame di faggio,manual,
beechwood-tar,beechwood tar,catrame di faggio,manual,
beef,beef,manzo,wikidata,
beef-broth,beef broth,brodo di manzo,wikidata,
beef-liver,beef liver,fegato di manzo,manual,
beef-tallow,beef tallow,sego di manzo,wikidata,
beet,beet,barbabietola,wikidata,
beet-juice,beet juice,succo di barbabietola,wikidata,
beet-root,beet root,barbabietola,wikidata,
benzoin,benzoin,benzoino,manual,
benzoin-resin,benzoin resin,resina di benzoino,manual,
bergamot,bergamot,bergamotto,manual,
bergamot-oil,bergamot oil,olio essenziale di bergamotto,wikidata,
bergamot-peel-oil,bergamot peel oil,olio essenziale di scorza di bergamotto,reviewed,
berry-bud,berry bud,gemme di arbusti da bacca,manual,
berry-juice,berry juice,succo di frutti di bosco,wikidata,
betel,betel,betel,manual,
bilberry,bilberry,mirtillo,wikidata,
bilberry-wine,bilberry wine,vino di mirtilli,manual,
birch,birch,betulla,manual,
bisabol-myrrh,bisabol myrrh,opoponax (mirra bisabol),manual,
bitter-almond,bitter almond,mandorla amara,reviewed,
bitter-almond-oil,bitter almond oil,olio essenziale di mandorla amara,manual,
bitter-fennel,bitter fennel,finocchio amaro,manual,
bitter-orange,bitter orange,arancia amara,manual,
bitter-orange-flower-oil,bitter orange flower oil,olio essenziale di fiori d'arancio amaro,manual,
bitter-orange-juice,bitter orange juice,succo di arancia amara,manual,
bitter-orange-leaf,bitter orange leaf,foglie di arancio amaro,manual,
bitter-orange-oil,bitter orange oil,olio essenziale di arancia amara,manual,
bitter-orange-peel-oil,bitter orange peel oil,olio essenziale di scorza d'arancia amara,manual,
black-bean,black bean,fagiolo nero,wikidata,
black-chokeberry,black chokeberry,aronia nera,manual,
black-chokecherry,black chokecherry,ciliegia di Virginia nera,manual,
black-currant,black currant,ribes nero,wikidata,
black-currant-bud,black currant bud,gemme di ribes nero,manual,
black-currant-juice,black currant juice,succo di ribes nero,wikidata,
black-mustard-seed-oil,black mustard seed oil,olio di senape nera,manual,
black-raspberry,black raspberry,lampone nero,wikidata,
black-seabream,black seabream,tanuta,reviewed,
black-sesame-seed,black sesame seed,semi di sesamo nero,manual,
black-tea,black tea,tè nero,wikidata,
black-tea-oil,black tea oil,olio essenziale di tè nero,manual,
blackberry,blackberry,mora,wikidata,
blackberry-brandy,blackberry brandy,distillato di more,wikidata,
blackberry-juice,blackberry juice,succo di more,wikidata,
blenheim-apricot,blenheim apricot,albicocca Blenheim,manual,
blue-cheese,blue cheese,formaggio a pasta erborinata,wikidata,
blueberry,blueberry,mirtillo americano,reviewed,
blumea-eriantha-oil,blumea eriantha oil,olio essenziale di Blumea eriantha,manual,
blumea-malcomii-oil,blumea malcomii oil,olio essenziale di Blumea malcomii,manual,
bog-blueberry,bog blueberry,mirtillo di palude,manual,
boiled-beef,boiled beef,manzo bollito,manual,
boiled-chicken,boiled chicken,pollo bollito,manual,
boiled-crab,boiled crab,granchio bollito,manual,
boiled-meat,boiled meat,carne bollita,manual,
boiled-mutton,boiled mutton,montone bollito,manual,
boiled-pork,boiled pork,maiale bollito,manual,
boldea-fragrans,boldea fragrans,Boldea fragrans,manual,Latin name kept
boldo,boldo,boldo,manual,
boldo-leaf,boldo leaf,foglie di boldo,manual,
boletus-scaber,boletus scaber,porcinello,manual,
bone-oil,bone oil,olio di ossa,manual,
boronia-anemonifolia,boronia anemonifolia,Boronia anemonifolia,manual,Latin name kept
boronia-citriodora,boronia citriodora,Boronia citriodora,manual,Latin name kept
boronia-dentigeroides-oil,boronia dentigeroides oil,olio essenziale di Boronia dentigeroides,manual,
boronia-ledifolia-leaf,boronia ledifolia leaf,foglie di Boronia ledifolia,manual,
boronia-ledifolia-oil,boronia ledifolia oil,olio essenziale di Boronia ledifolia,manual,
borosma-pulchellum,borosma pulchellum,Borosma pulchellum,manual,Latin name kept
boswellia-serrata-oil,boswellia serrata oil,olio essenziale di Boswellia serrata,manual,
botrytized-wine,botrytized wine,vino botritizzato,manual,
bourbon-whiskey,bourbon whiskey,bourbon,wikidata,
brandy,brandy,brandy,wikidata,
brassica,brassica,cavoli (Brassica),manual,
brazil-nut,brazil nut,noce brasiliana,wikidata,
brazil-peppermint-oil,brazil peppermint oil,olio essenziale di menta piperita brasiliana,manual,
brazil-rosewood,brazil rosewood,legno di rosa brasiliano,manual,
brazilian-sassafras-oil,brazilian sassafras oil,olio essenziale di sassofrasso brasiliano,manual,
brewed-tea,brewed tea,tè in infusione,manual,
broccoli,broccoli,broccolo,wikidata,
brown-rice,brown rice,riso integrale,wikidata,
brussels-sprout,brussels sprout,cavolini di Bruxelles,manual,
buchu,buchu,buchu,manual,
buchu-leaf-oil,buchu leaf oil,olio essenziale di foglie di buchu,manual,
buchu-oil,buchu oil,olio essenziale di buchu,manual,
buckwheat,buckwheat,grano saraceno,manual,
bulgarian-clary-sage,bulgarian clary sage,salvia sclarea bulgara,manual,
bulgarian-clary-sage-oil,bulgarian clary sage oil,olio essenziale di salvia sclarea bulgara,manual,
bulgarian-peppermint,bulgarian peppermint,menta piperita bulgara,manual,
bulgarian-rose,bulgarian rose,rosa bulgara,manual,
bulgarian-rose-oil,bulgarian rose oil,olio essenziale di rosa bulgara,reviewed,
bulgarian-tobacco,bulgarian tobacco,tabacco bulgaro,manual,
burley-tobacco,burley tobacco,tabacco Burley,manual,
burley-tobacco-oil,burley tobacco oil,essenza di tabacco Burley,manual,
butter-oil,butter oil,burro chiarificato,manual,
butterfat,butterfat,grasso del latte,reviewed,
buttermilk,buttermilk,latticello,wikidata,
bystropogon-mollis-leaf-oil,bystropogon mollis leaf oil,olio essenziale di foglie di Bystropogon mollis,manual,
cabbage-juice,cabbage juice,succo di cavolo,manual,
cabernet-sauvignon-grape,cabernet sauvignon grape,uva Cabernet Sauvignon,manual,
cabernet-sauvignon-wine,cabernet sauvignon wine,vino Cabernet Sauvignon,manual,
cabreuva,cabreuva,cabreuva,manual,
cacao-ds,cacao,cacao,manual,same Italian name as a notebook ingredient
caesalpinia-spinosa,caesalpinia spinosa,Caesalpinia spinosa,manual,Latin name kept
caja-fruit,caja fruit,cajá,manual,
cajeput,cajeput,cajeput,manual,
cajeput-oil,cajeput oil,olio essenziale di cajeput,manual,
calabash-nutmeg,calabash nutmeg,noce moscata africana,manual,
calamus,calamus,calamo aromatico,manual,
california-laurel-oil,california laurel oil,olio essenziale di alloro della California,manual,
california-lemon-oil,california lemon oil,olio essenziale di limone californiano,manual,
california-orange,california orange,arancia californiana,manual,
california-orange-peel,california orange peel,scorza di arancia californiana,manual,
california-pepper,california pepper,pepe della California,manual,
callitris,callitris,Callitris,manual,Latin name kept
callitris-drummondii,callitris drummondii,Callitris drummondii,manual,Latin name kept
callitris-glauca,callitris glauca,Callitris glauca,manual,Latin name kept
callitris-gracilis,callitris gracilis,Callitris gracilis,manual,Latin name kept
callitris-intratropica,callitris intratropica,Callitris intratropica,manual,Latin name kept
callitris-rubusta,callitris rubusta,Callitris rubusta,manual,Latin name kept
calyptranthes-parriculata,calyptranthes parriculata,Calyptranthes parriculata,manual,Latin name kept
calytrix-tetragona,calytrix tetragona,Calytrix tetragona,manual,Latin name kept
calytrix-tetragona-oil,calytrix tetragona oil,olio essenziale di Calytrix tetragona,manual,
calytrix-virgata,calytrix virgata,Calytrix virgata,manual,Latin name kept
camembert-cheese,camembert cheese,camembert,manual,
camphor,camphor,canfora,manual,
camphor-oil,camphor oil,olio essenziale di canfora,manual,
cananga,cananga,cananga,manual,
cane-molasses,cane molasses,melassa di canna,manual,
cantaloupe,cantaloupe,melone cantalupo,manual,
cape-gooseberry,cape gooseberry,alchechengi,manual,
caprifoliaceae,caprifoliaceae,caprifogliacee,manual,
capsicum,capsicum,Capsicum (peperoncini),manual,
capsicum-annuum,capsicum annuum,Capsicum annuum (peperone),manual,
caraway,caraway,carvi,manual,
caraway-seed,caraway seed,semi di carvi,reviewed,
cardamom,cardamom,cardamomo,wikidata,
cardamom-oil,cardamom oil,olio essenziale di cardamomo,manual,
carnation,carnation,garofano,manual,
carnation-oil,carnation oil,olio essenziale di garofano,manual,
carob,carob,carruba,manual,
carob-fruit,carob fruit,frutto del carrubo,manual,
carphephorus-corymbosus-leaf,carphephorus corymbosus leaf,foglie di Carphephorus corymbosus,manual,
carphephorus-paniculatus-leaf,carphephorus paniculatus leaf,foglie di Carphephorus paniculatus,manual,
carpinus-betulus,carpinus betulus,carpino bianco,manual,
carrot,carrot,carota,wikidata,
cascarilla,cascarilla,cascarilla,manual,
cashew,cashew,anacardo,wikidata,
cassava,cassava,manioca,wikidata,
cassia,cassia,cassia,manual,
cassia-oil,cassia oil,olio essenziale di cassia,manual,
cassis-juice,cassis juice,succo di ribes nero,manual,
castoreum,castoreum,castoreo,manual,
castoreum-oil,castoreum oil,olio di castoreo,manual,
catfish,catfish,pesce gatto,manual,
caucas,caucas,caucas,manual,"unclear source name, kept as is"
caucus,caucus,caucus,manual,"unclear source name, kept as is"
cauliflower,cauliflower,cavolfiore,wikidata,
cayenne-bois-de-rose,cayenne bois de rose,legno di rosa della Caienna,manual,
cayenne-linaloe,cayenne linaloe,linaloe della Caienna,manual,
cayenne-rosewood,cayenne rosewood,legno di rosa della Caienna,manual,
ceanothus-velutinus-leaf,ceanothus velutinus leaf,foglie di Ceanothus velutinus,manual,
celery,celery,sedano,wikidata,
celery-oil,celery oil,olio essenziale di sedano,manual,
celery-seed,celery seed,semi di sedano,manual,
cereal,cereal,cereali,reviewed,
ceriman,ceriman,frutto di monstera,manual,
ceylon-cinnamon,ceylon cinnamon,cannella di Ceylon,manual,
ceylon-citronella,ceylon citronella,citronella di Ceylon,manual,
ceylon-citronella-oil,ceylon citronella oil,olio essenziale di citronella di Ceylon,manual,
ceylon-tea,ceylon tea,tè di Ceylon,wikidata,
ceylon-tea-cinnamon-leaf,ceylon tea cinnamon leaf,foglie di cannella di Ceylon,manual,
ceylon-tea-citronella-oil,ceylon tea citronella oil,olio essenziale di citronella di Ceylon,manual,
ceylon-tea-oil,ceylon tea oil,olio essenziale di tè di Ceylon,manual,
chamaecyparis-formosensis-oil,chamaecyparis formosensis oil,olio essenziale di Chamaecyparis formosensis,manual,
chamaecyparis-formosensis-root-oil,chamaecyparis formosensis root oil,olio essenziale di radice di Chamaecyparis formosensis,manual,
chamaecyparis-lawsoniana,chamaecyparis lawsoniana,cipresso di Lawson,manual,
chamaecyparis-pisifera,chamaecyparis pisifera,Chamaecyparis pisifera,manual,Latin name kept
chamaecyparis-pisifera-oil,chamaecyparis pisifera oil,olio essenziale di Chamaecyparis pisifera,manual,
chamomile,chamomile,camomilla,wikidata,
chamomile-oil,chamomile oil,olio essenziale di camomilla,reviewed,
champaca,champaca,champaca,manual,
champagne-wine,champagne wine,champagne,manual,
chayote,chayote,chayote,manual,
cheddar-cheese,cheddar cheese,cheddar,wikidata,
chempedak,chempedak,cempedak,manual,
chenopodium,chenopodium,chenopodio,manual,
cherimoya,cherimoya,cherimoya,manual,
cherry,cherry,ciliegia,manual,
cherry-brandy,cherry brandy,cherry brandy,wikidata,
cherry-juice,cherry juice,succo di ciliegie,wikidata,
chervil,chervil,cerfoglio,manual,
chestnut-flower,chestnut flower,fiori di castagno,manual,
chestnut-honey,chestnut honey,miele di castagno,manual,
chicken,chicken,pollo,reviewed,
chicken-liver,chicken liver,fegato di pollo,wikidata,
chickpea,chickpea,cece,wikidata,
chicory,chicory,cicoria,manual,
chicory-root,chicory root,radice di cicoria,manual,
chinese-cabbage,chinese cabbage,cavolo cinese,manual,
chinese-cinnamon,chinese cinnamon,cannella cinese,manual,
chinese-quince,chinese quince,cotogno cinese,manual,
chinese-quince-peel,chinese quince peel,scorza di cotogno cinese,manual,
chinese-star-anise,chinese star anise,anice stellato cinese,manual,
chinese-star-anise-oil,chinese star anise oil,olio essenziale di anice stellato cinese,manual,
choke-cherry,choke cherry,ciliegia di Virginia,manual,
chokeberry,chokeberry,aronia,wikidata,
chrysanthemum-japonicum,chrysanthemum japonicum,crisantemo giapponese,manual,
chrysanthemum-sincuse-flower,chrysanthemum sincuse flower,fiori di crisantemo,manual,
chrysocoris-stolli,chrysocoris stolli,Chrysocoris stolli (cimice),manual,
cicuta-virosa-oil,cicuta virosa oil,olio essenziale di Cicuta virosa,manual,
cider,cider,sidro,wikidata,
cigarette,cigarette,sigaretta,manual,
cilantro,cilantro,foglie di coriandolo,wikidata,
cinchona-officinalis,cinchona officinalis,china (Cinchona),manual,
cinnamomum,cinnamomum,Cinnamomum,manual,Latin name kept
cinnamomum-camphora,cinnamomum camphora,canforo,manual,
cinnamomum-cassia-oil,cinnamomum cassia oil,olio essenziale di Cinnamomum cassia,manual,
cinnamomum-kanahirain,cinnamomum kanahirain,Cinnamomum kanahirain,manual,Latin name kept
cinnamomum-oil,cinnamomum oil,olio essenziale di Cinnamomum,manual,
cinnamomum-oliveri-leaf,cinnamomum oliveri leaf,foglie di Cinnamomum oliveri,manual,
cinnamon,cinnamon,cannella,wikidata,
cinnamon-leaf,cinnamon leaf,foglie di cannella,manual,
cinnamon-leaf-oil,cinnamon leaf oil,olio essenziale di foglie di cannella,reviewed,
cinnamon-oil,cinnamon oil,olio essenziale di cannella,manual,
cistus-labdanum,cistus labdanum,Cistus labdanum,manual,Latin name kept
cistus-ladaniferus,cistus ladaniferus,cisto ladanifero,manual,
citron,citron,cedro,manual,
citronella,citronella,citronella,manual,
citronella-grass,citronella grass,erba citronella,manual,
citronella-oil,citronella oil,olio essenziale di citronella,reviewed,
citrus,citrus,agrumi,reviewed,
citrus-flower-oil,citrus flower oil,olio essenziale di fiori di agrumi,manual,
citrus-fruit-blossom,citrus fruit blossom,zagara (fiori di agrumi),manual,
citrus-juice,citrus juice,succo di agrumi,wikidata,
citrus-leaf-oil,citrus leaf oil,olio essenziale di foglie di agrumi,manual,
citrus-limetta-oil,citrus limetta oil,olio essenziale di limetta,manual,
citrus-oil,citrus oil,olio essenziale di agrumi,manual,
citrus-peel,citrus peel,scorza di agrumi,manual,
citrus-peel-oil,citrus peel oil,olio essenziale di scorza di agrumi,manual,
clam,clam,vongola,wikidata,
clary-sage,clary sage,salvia sclarea,manual,
clary-sage-bush,clary sage bush,pianta di salvia sclarea,manual,
clary-sage-oil,clary sage oil,olio essenziale di salvia sclarea,manual,
cloudberry,cloudberry,camemoro,wikidata,
cloudberry-oil,cloudberry oil,essenza di camemoro,manual,
clove,clove,chiodo di garofano,wikidata,
clove-oil,clove oil,olio essenziale di chiodi di garofano,reviewed,
clove-pink,clove pink,garofano comune,manual,
coal-tar,coal tar,catrame di carbon fossile,manual,
cockroach,cockroach,scarafaggio,manual,
cocoa-leaf,cocoa leaf,foglie di cacao,manual,
cocoa-liquor,cocoa liquor,massa di cacao,wikidata,
coconut,coconut,noce di cocco,wikidata,
coconut-oil,coconut oil,olio di cocco,wikidata,
cod,cod,merluzzo,wikidata,
cod-liver-oil,cod liver oil,olio di fegato di merluzzo,wikidata,
coffee,coffee,caffè,wikidata,
coffee-flower,coffee flower,fiori di caffè,manual,
cognac,cognac,cognac,wikidata,
cognac-oil,cognac oil,essenza di cognac,manual,
compositae,compositae,composite (Asteracee),manual,
comte-cheese,comte cheese,Comté,wikidata,
concord-grape,concord grape,uva Concord,manual,
condiment,condiment,condimento,wikidata,
congo-geranium,congo geranium,geranio del Congo,manual,
cooked-apple,cooked apple,mela cotta,manual,
copaiba,copaiba,copaiba,wikidata,
copaiba-balsam,copaiba balsam,balsamo di copaiba,manual,
coprosma-foetidissima-leaf,coprosma foetidissima leaf,foglie di Coprosma foetidissima,manual,
coriander,coriander,coriandolo,reviewed,
coriander-oil,coriander oil,olio essenziale di coriandolo,reviewed,
corn,corn,mais,reviewed,
corn-flake,corn flake,fiocchi di mais,manual,
corn-mint,corn mint,menta campestre,manual,
corn-mint-oil,corn mint oil,olio essenziale di menta campestre,manual,
corn-oil,corn oil,olio di semi di mais,wikidata,
corn-salad,corn salad,songino,manual,
corn-tortilla,corn tortilla,tortilla di mais,reviewed,
cottage-cheese,cottage cheese,fiocchi di latte,wikidata,
cowberry,cowberry,mirtillo rosso,manual,
crab,crab,granchio,manual,
cranberry,cranberry,mirtillo rosso americano,reviewed,
crayfish,crayfish,gambero d'acqua dolce,wikidata,
cream-cheese,cream cheese,formaggio spalmabile,wikidata,
creosote,creosote,creosoto,manual,
crepis-foetida-root,crepis foetida root,radice di Crepis foetida,manual,
crimean-white-grape-oil,crimean white grape oil,olio essenziale di uva bianca di Crimea,manual,
crisp-bread,crisp bread,pane croccante (knäckebröd),reviewed,
crowberry,crowberry,empetro nero,manual,
crownberry,crownberry,empetro nero,manual,
cruciferae-seed,cruciferae seed,semi di crucifere,manual,
cryptomeria-japonica,cryptomeria japonica,criptomeria,manual,
cubeb,cubeb,cubebe,manual,
cucumber,cucumber,cetriolo,wikidata,
cumin,cumin,cumino,manual,
cumin-fruit-oil,cumin fruit oil,olio essenziale di frutti di cumino,manual,
cumin-oil,cumin oil,olio essenziale di cumino,reviewed,
cupressaceae,cupressaceae,cupressacee,manual,
cupressaceae-oil,cupressaceae oil,olio essenziale di cupressacee,manual,
cupressus-lusitanica,cupressus lusitanica,cipresso del Messico,manual,
cupressus-macrocarpa-oil,cupressus macrocarpa oil,olio essenziale di Cupressus macrocarpa,manual,
curcuma,curcuma,curcuma,manual,
curcuma-aeruginosa,curcuma aeruginosa,Curcuma aeruginosa,manual,Latin name kept
curcuma-aromatica,curcuma aromatica,Curcuma aromatica,manual,Latin name kept
cured-ham,cured ham,prosciutto stagionato,manual,
currant,currant,uvetta di Corinto,wikidata,
currant-leaf,currant leaf,foglie di ribes,manual,
custard-apple,custard apple,annona,manual,
cuttlefish,cuttlefish,seppia,manual,
cymbopogon-citralis-oil,cymbopogon citralis oil,olio essenziale di Cymbopogon citralis,manual,
cymbopogon-javanensis,cymbopogon javanensis,Cymbopogon javanensis,manual,Latin name kept
cymbopogon-sennaarensis,cymbopogon sennaarensis,Cymbopogon sennaarensis,manual,Latin name kept
cypress,cypress,cipresso,manual,
cypress-oil,cypress oil,olio essenziale di cipresso,manual,
dacrydium-colensoi,dacrydium colensoi,Dacrydium colensoi,manual,Latin name kept
dacrydium-franklinii-oil,dacrydium franklinii oil,olio essenziale di Dacrydium franklinii,manual,
daffodil,daffodil,narciso giallo,manual,
daffodil-flower,daffodil flower,fiori di narciso giallo,manual,
dairy,dairy,latticini,reviewed,
dalbergia-sissoo,dalbergia sissoo,Dalbergia sissoo,manual,Latin name kept
darwinia-grandiflora-oil,darwinia grandiflora oil,olio essenziale di Darwinia grandiflora,manual,
date,date,dattero,wikidata,
datura-stramonium,datura stramonium,stramonio,manual,
demon-red,demon red,peperoncino Demon Red,manual,
dill,dill,aneto,manual,
dill-blossom,dill blossom,fiori di aneto,manual,
dill-seed,dill seed,semi di aneto,manual,
dolphin,dolphin,delfino,manual,
domiati-cheese,domiati cheese,formaggio domiati,manual,
doryphora-sassafras-leaf-oil,doryphora sassafras leaf oil,olio essenziale di foglie di Doryphora sassafras,manual,
dried-black-tea,dried black tea,tè nero essiccato,manual,
dried-fig,dried fig,fico secco,wikidata,
dried-green-tea,dried green tea,tè verde essiccato,manual,
dried-kidney-bean,dried kidney bean,fagioli rossi secchi,manual,
dried-parsley,dried parsley,prezzemolo essiccato,manual,
dried-spinach,dried spinach,spinaci essiccati,manual,
durian,durian,durian,wikidata,
dwarf-pine,dwarf pine,pino mugo,manual,
dwarf-quince,dwarf quince,cotogno del Giappone,manual,
east-african-geranium,east african geranium,geranio dell'Africa orientale,manual,
east-indian-geranium,east indian geranium,geranio delle Indie orientali,manual,
echinacea,echinacea,echinacea,manual,
eel,eel,anguilla,manual,
egg-noodle,egg noodle,pasta all'uovo,reviewed,
elder-flower,elder flower,fiori di sambuco,reviewed,
elderberry,elderberry,sambuco,wikidata,
elderberry-fruit,elderberry fruit,bacche di sambuco,manual,
elderberry-juice,elderberry juice,succo di sambuco,manual,
elettaria-caradmomum-oil,elettaria caradmomum oil,olio essenziale di cardamomo,manual,
elsholtzia-argyi,elsholtzia argyi,Elsholtzia argyi,manual,Latin name kept
elsholtzia-ciliata,elsholtzia ciliata,Elsholtzia ciliata,manual,Latin name kept
elsholtzia-ciliata-oil,elsholtzia ciliata oil,olio essenziale di Elsholtzia ciliata,manual,
emmental-cheese,emmental cheese,emmental,wikidata,
english-peppermint-oil,english peppermint oil,olio essenziale di menta piperita inglese,manual,
enokidake,enokidake,enoki,manual,
eremocitrus-glauca,eremocitrus glauca,lime del deserto australiano,manual,
erica-arborea-oil,erica arborea oil,olio essenziale di erica arborea,manual,
eriostemon-coxii-leaf-oil,eriostemon coxii leaf oil,olio essenziale di foglie di Eriostemon coxii,manual,
eryngium-facidum,eryngium facidum,Eryngium facidum,manual,Latin name kept
eryngium-poterium,eryngium poterium,Eryngium poterium,manual,Latin name kept
eryngium-poterium-oil,eryngium poterium oil,olio essenziale di Eryngium poterium,manual,
estragon,estragon,estragone,manual,
estragon-oil,estragon oil,olio essenziale di estragone,manual,
ethiopian-pepper,ethiopian pepper,pepe d'Etiopia,manual,
eucalyptus,eucalyptus,eucalipto,manual,
eucalyptus-amygdalina,eucalyptus amygdalina,Eucalyptus amygdalina,manual,Latin name kept
eucalyptus-australianavar-oil,eucalyptus australianavar oil,olio essenziale di Eucalyptus australianavar,manual,
eucalyptus-bakeries-oil,eucalyptus bakeries oil,olio essenziale di Eucalyptus bakeries,manual,
eucalyptus-cinereea,eucalyptus cinereea,Eucalyptus cinereea,manual,Latin name kept
eucalyptus-citridora,eucalyptus citridora,eucalipto limone,manual,
eucalyptus-citriodora,eucalyptus citriodora,eucalipto limone,manual,
eucalyptus-citriodora-oil,eucalyptus citriodora oil,olio essenziale di eucalipto limone,manual,
eucalyptus-diversicolor-oil,eucalyptus diversicolor oil,olio essenziale di Eucalyptus diversicolor,manual,
eucalyptus-dives,eucalyptus dives,Eucalyptus dives,manual,Latin name kept
eucalyptus-dives-oil,eucalyptus dives oil,olio essenziale di Eucalyptus dives,manual,
eucalyptus-globulus,eucalyptus globulus,eucalipto globulo,manual,
eucalyptus-globulus-oil,eucalyptus globulus oil,olio essenziale di eucalipto globulo,manual,
eucalyptus-goniocalyx,eucalyptus goniocalyx,Eucalyptus goniocalyx,manual,Latin name kept
eucalyptus-hemilampra,eucalyptus hemilampra,Eucalyptus hemilampra,manual,Latin name kept
eucalyptus-macarthuri-oil,eucalyptus macarthuri oil,olio essenziale di Eucalyptus macarthuri,manual,
eucalyptus-macarthurii,eucalyptus macarthurii,Eucalyptus macarthurii,manual,Latin name kept
eucalyptus-maideni,eucalyptus maideni,Eucalyptus maideni,manual,Latin name kept
eucalyptus-microcorys-leaf-oil,eucalyptus microcorys leaf oil,olio essenziale di foglie di Eucalyptus microcorys,manual,
eucalyptus-oil,eucalyptus oil,olio essenziale di eucalipto,reviewed,
eucalyptus-polibrac-tea-oil,eucalyptus polibrac tea oil,olio essenziale di Eucalyptus polibrac tea,manual,
eucalyptus-radiata-oil,eucalyptus radiata oil,olio essenziale di Eucalyptus radiata,manual,
european-cranberry,european cranberry,ossicocco,manual,
ewe,ewe,pecora,manual,
fagara-zanthoxyloides-oil,fagara zanthoxyloides oil,olio essenziale di Fagara zanthoxyloides,manual,
fagroea-racemosa-flower,fagroea racemosa flower,fiori di Fagraea racemosa,manual,
farnesol,farnesol,farnesolo,manual,
fatty-fish,fatty fish,pesce grasso,manual,
feces,feces,feci,manual,
feijoa,feijoa,feijoa,manual,
fennel,fennel,finocchio,reviewed,
fennel-oil,fennel oil,olio essenziale di finocchio,manual,
fenugreek,fenugreek,fieno greco,manual,
fermented-radish,fermented radish,ravanello fermentato,manual,
fermented-russian-black-tea,fermented russian black tea,tè nero russo fermentato,manual,
fermented-shrimp,fermented shrimp,gamberi fermentati,manual,
fermented-tea,fermented tea,tè fermentato,reviewed,
fermented-tea-leaf-oil,fermented tea leaf oil,olio essenziale di foglie di tè fermentate,manual,
feronia-elephantum,feronia elephantum,mela di legno (Feronia elephantum),manual,
feta-cheese,feta cheese,feta,wikidata,
field-mint-oil,field mint oil,olio essenziale di menta campestre,manual,
fig,fig,fico,wikidata,
filbert,filbert,nocciola,wikidata,
filipendula-ulmaria-flower,filipendula ulmaria flower,fiori di olmaria,manual,
finnish-pine-oil,finnish pine oil,olio essenziale di pino finlandese,manual,
finnish-whiskey,finnish whiskey,whisky finlandese,manual,
finocchoi-fennel-oil,finocchoi fennel oil,olio essenziale di finocchio,manual,
fish-oil,fish oil,olio di pesce,wikidata,
florida-orange-juice,florida orange juice,succo d'arancia della Florida,manual,
flower,flower,fiori,reviewed,
fortunella-margarita,fortunella margarita,kumquat ovale,manual,
frankfurter,frankfurter,würstel,reviewed,
french-bean,french bean,fagiolini,manual,
french-fried-potato,french fried potato,patatine fritte,manual,
french-lavender,french lavender,lavanda francese,manual,
french-marigold-oil,french marigold oil,olio essenziale di tagete,manual,
french-peppermint,french peppermint,menta piperita francese,manual,
french-peppermint-oil,french peppermint oil,olio essenziale di menta piperita francese,manual,
fried-beef,fried beef,manzo fritto,manual,
fried-chicken,fried chicken,pollo fritto,wikidata,
fried-cured-pork,fried cured pork,maiale stagionato fritto,manual,
fried-pork,fried pork,maiale fritto,manual,
fruit,fruit,frutta,wikidata,
fruit-brandy,fruit brandy,distillato di frutta,wikidata,
fruit-juice,fruit juice,succo di frutta,wikidata,
fumaria-officinalis,fumaria officinalis,fumaria,manual,
furcraea-gigantean-flower-oil,furcraea gigantean flower oil,olio essenziale di fiori di Furcraea gigantean,manual,
galanga,galanga,galanga,manual,
galbanum-oil,galbanum oil,olio essenziale di galbano,manual,
garcia-mangostana,garcia mangostana,mangostano,manual,
gardenia,gardenia,gardenia,manual,
gardenia-flower-oil,gardenia flower oil,olio essenziale di fiori di gardenia,manual,
garlic-mustard,garlic mustard,alliaria,manual,
garlic-oil,garlic oil,olio essenziale di aglio,reviewed,
gastrochilus-pandurata-oil,gastrochilus pandurata oil,olio essenziale di Gastrochilus pandurata,manual,
gelatin,gelatin,gelatina,manual,
geraniaceae,geraniaceae,geraniacee,manual,
geranium,geranium,geranio,manual,
geranium-oil,geranium oil,olio essenziale di geranio,manual,
german-chamomile-oil,german chamomile oil,olio essenziale di camomilla comune,manual,
gin,gin,gin,wikidata,
ginger-grass,ginger grass,erba zenzero,manual,
ginger-oil,ginger oil,olio essenziale di zenzero,manual,
globefish,globefish,pesce palla,manual,
goat-milk,goat milk,latte di capra,wikidata,
grain,grain,granaglie,reviewed,
graminaceae,graminaceae,graminacee,manual,
grape,grape,uva,wikidata,
grape-brandy,grape brandy,acquavite d'uva,wikidata,
grape-juice,grape juice,succo d'uva,wikidata,
grape-must,grape must,mosto d'uva,manual,
grape-syrup,grape syrup,sciroppo d'uva,manual,
grape-vine,grape vine,vite,manual,
grapefruit,grapefruit,pompelmo,wikidata,
grapefruit-blossom,grapefruit blossom,fiori di pompelmo,manual,
grapefruit-juice,grapefruit juice,succo di pompelmo,wikidata,
grapefruit-oil,grapefruit oil,olio essenziale di pompelmo,manual,
grapefruit-peel,grapefruit peel,scorza di pompelmo,manual,
grapefruit-peel-oil,grapefruit peel oil,olio essenziale di scorza di pompelmo,manual,
green-bell-pepper,green bell pepper,peperone verde,manual,
green-mate,green mate,mate verde,manual,
green-tea,green tea,tè verde,wikidata,
green-tea-oil,green tea oil,olio essenziale di tè verde,manual,
grilled-beef,grilled beef,manzo alla griglia,manual,
grilled-pork,grilled pork,maiale alla griglia,manual,
gruyere-cheese,gruyere cheese,groviera,manual,
guarana,guarana,guaranà,manual,
guava,guava,guaiava,wikidata,
guava-peel,guava peel,buccia di guaiava,manual,
guinea-orange-oil,guinea orange oil,olio essenziale di arancia di Guinea,manual,
guinea-pepper,guinea pepper,pepe di Guinea,manual,
guineafowl,guineafowl,faraona,manual,
haddock,haddock,eglefino,wikidata,
ham,ham,prosciutto,wikidata,
hatsutake,hatsutake,hatsutake,manual,
hazelnut,hazelnut,nocciola,wikidata,
hedychium-spicatum,hedychium spicatum,Hedychium spicatum,manual,Latin name kept
helichrysum-angustifolium,helichrysum angustifolium,elicriso,manual,
helichrysum-italicum,helichrysum italicum,elicriso italiano,manual,
heracleum-candicans-oil,heracleum candicans oil,olio essenziale di Heracleum candicans,manual,
heracleum-villosum-oil,heracleum villosum oil,olio essenziale di Heracleum villosum,manual,
hernandia-peltata-oil,hernandia peltata oil,olio essenziale di Hernandia peltata,manual,
herring,herring,aringa,wikidata,
hevea-brasiliensis-flower,hevea brasiliensis flower,fiori di Hevea brasiliensis,manual,
highbush-blueberry,highbush blueberry,mirtillo gigante americano,manual,
hinoki,hinoki,hinoki (cipresso giapponese),manual,
hinoki-oil,hinoki oil,olio essenziale di hinoki (cipresso giapponese),manual,
hoary-basil,hoary basil,basilico americano,manual,
hoary-basil-leaf-oil,hoary basil leaf oil,olio essenziale di foglie di basilico americano,manual,
hog-plum,hog plum,mombin,manual,
hogweed,hogweed,panace,manual,
hogweed-oil,hogweed oil,olio essenziale di panace,manual,
holy-basil,holy basil,basilico sacro,manual,
honduras-balsam,honduras balsam,balsamo dell'Honduras,manual,
honduras-peru-balsam,honduras peru balsam,balsamo del Perù dell'Honduras,manual,
honey-fungus,honey fungus,chiodini,manual,
honeydew,honeydew,melone verde,wikidata,
hop,hop,luppolo,reviewed,
hop-oil,hop oil,olio essenziale di luppolo,manual,
horse-mackerel,horse mackerel,sugarello,manual,
horseradish-oil,horseradish oil,olio essenziale di rafano,manual,
houttuynia-cordata-oil,houttuynia cordata oil,olio essenziale di Houttuynia cordata,manual,
huckleberry,huckleberry,mirtillo huckleberry,manual,
hyacinth,hyacinth,giacinto,manual,
hyacinth-oil,hyacinth oil,olio essenziale di giacinto,manual,
hybrid-passion-fruit-juice,hybrid passion fruit juice,succo di frutto della passione ibrido,manual,
hyssop,hyssop,issopo,manual,
iberis-sempervirens-seed,iberis sempervirens seed,semi di iberide sempreverde,manual,
imperatoria,imperatoria,imperatoria,manual,
indian-hemp,indian hemp,canapa indiana,manual,
irish-whiskey,irish whiskey,whiskey irlandese,wikidata,
israeli-orange,israeli orange,arancia israeliana,manual,
israeli-orange-oil,israeli orange oil,olio essenziale di arancia israeliana,manual,
italian-lime,italian lime,limetta,manual,
italian-orange-oil,italian orange oil,olio essenziale di arancia italiana,manual,
jaborandi-leaf-oil,jaborandi leaf oil,olio essenziale di foglie di jaborandi,manual,
jackfruit,jackfruit,giaca,wikidata,
jamaican-rum,jamaican rum,rum giamaicano,manual,
jammus-citronella-oil,jammus citronella oil,olio essenziale di Jammus citronella,manual,
japanese-calamus,japanese calamus,calamo giapponese,manual,
japanese-ho-leaf-oil,japanese ho leaf oil,olio essenziale di foglie di ho giapponese,manual,
japanese-hop,japanese hop,luppolo giapponese,manual,
japanese-hop-oil,japanese hop oil,olio essenziale di luppolo giapponese,manual,
japanese-mint,japanese mint,menta giapponese,manual,
japanese-peppermint,japanese peppermint,menta piperita giapponese,manual,
japanese-peppermint-oil,japanese peppermint oil,olio essenziale di menta piperita giapponese,manual,
japanese-plum,japanese plum,susina giapponese,manual,
japanese-seafood,japanese seafood,frutti di mare giapponesi,manual,
japanese-star-anise,japanese star anise,anice stellato giapponese,manual,
japanese-star-anise-oil,japanese star anise oil,olio essenziale di anice stellato giapponese,manual,
japanese-whiskey,japanese whiskey,whisky giapponese,wikidata,
jasmine,jasmine,gelsomino,manual,
jasmine-oil,jasmine oil,olio essenziale di gelsomino,manual,
jasmine-tea,jasmine tea,tè al gelsomino,manual,
jasminum-grandiflorum,jasminum grandiflorum,gelsomino di Spagna,manual,
jasminum-grandiflorum-oil,jasminum grandiflorum oil,olio essenziale di gelsomino di Spagna,manual,
jasminum-odoratissimum-oil,jasminum odoratissimum oil,olio essenziale di Jasminum odoratissimum,manual,
java-citronella,java citronella,citronella di Giava,manual,
java-citronella-oil,java citronella oil,olio essenziale di citronella di Giava,manual,
jerusalem-artichoke,jerusalem artichoke,topinambur,wikidata,
jonquil,jonquil,giunchiglia,manual,
jonquil-oil,jonquil oil,olio essenziale di giunchiglia,manual,
juniper-berry,juniper berry,coccola di ginepro,wikidata,
juniper-leaf-oil,juniper leaf oil,olio essenziale di foglie di ginepro,manual,
juniper-oil,juniper oil,olio essenziale di ginepro,wikidata,
juniperus-chinensis-oil,juniperus chinensis oil,olio essenziale di Juniperus chinensis,manual,
juniperus-phoenicea-oil,juniperus phoenicea oil,olio essenziale di Juniperus phoenicea,manual,
juniperus-sabina,juniperus sabina,sabina,manual,
kabosu-peel-oil,kabosu peel oil,olio essenziale di scorza di kabosu,manual,
kaempferia-ethel-bulb-oil,kaempferia ethel bulb oil,olio essenziale di bulbo di Kaempferia ethel,manual,
kaffir-lime,kaffir lime,combava,manual,
kale,kale,cavolo riccio,wikidata,
kaschmis-citronella-oil,kaschmis citronella oil,olio essenziale di Kaschmis citronella,manual,
katsuobushi,katsuobushi,katsuobushi,wikidata,
kelp,kelp,kelp (alga bruna),manual,
kencur-oil,kencur oil,olio essenziale di kencur (Kaempferia galanga),manual,
keta-salmon,keta salmon,salmone keta,reviewed,
key-lime-leaf,key lime leaf,foglie di lime messicano,manual,
kidney-bean,kidney bean,fagioli rossi,manual,
kiwi,kiwi,kiwi,wikidata,
kohlrabi,kohlrabi,cavolo rapa,manual,
kola-nut,kola nut,noce di cola,wikidata,
kola-tea,kola tea,tè di cola,manual,
krill,krill,krill,manual,
kumazasa,kumazasa,kumazasa (bambù nano),manual,
kumquat,kumquat,kumquat,wikidata,
kumquat-peel-oil,kumquat peel oil,olio essenziale di scorza di kumquat,manual,
labdanum,labdanum,labdano,manual,
labiatae,labiatae,labiate (Lamiacee),manual,
lamb,lamb,agnello,reviewed,
lamb-liver,lamb liver,fegato d'agnello,manual,
laminaria-japonica,laminaria japonica,kombu,manual,
lantana-camara-oil,lantana camara oil,olio essenziale di Lantana camara,manual,
larch-tree,larch tree,larice,manual,
lard,lard,strutto,wikidata,
larix,larix,Larix,manual,Latin name kept
larix-americana,larix americana,larice americano,manual,
larix-deciduas,larix deciduas,larice europeo,manual,
lauraceae,lauraceae,lauracee,manual,
laurel-leaf,laurel leaf,foglie di lauro,manual,
laurel-leaf-oil,laurel leaf oil,olio essenziale di foglie di lauro,manual,
lavandin,lavandin,lavandino (lavanda ibrida),manual,
lavandin-oil,lavandin oil,olio essenziale di lavandino (lavanda ibrida),manual,
lavender,lavender,lavanda,manual,
lavender-delphinensis,lavender delphinensis,lavanda delfinese,manual,
lavender-oil,lavender oil,olio essenziale di lavanda,wikidata,
lavender-vera-oil,lavender vera oil,olio essenziale di lavanda vera,manual,
leaf,leaf,foglie,manual,
leaf-oil,leaf oil,olio essenziale di foglie,reviewed,
lean-fish,lean fish,pesce magro,manual,
ledum-palustre,ledum palustre,ledo palustre,manual,
ledum-palustre-oil,ledum palustre oil,olio essenziale di ledo palustre,manual,
leek,leek,porro,wikidata,
lemon-balm,lemon balm,melissa,manual,
lemon-eucalyptus,lemon eucalyptus,eucalipto limone,manual,
lemon-flower,lemon flower,fiori di limone,manual,
lemon-juice,lemon juice,succo di limone,wikidata,
lemon-oil,lemon oil,olio essenziale di limone,manual,
lemon-peel,lemon peel,scorza di limone,manual,
lemon-peel-oil,lemon peel oil,olio essenziale di scorza di limone,manual,
lemon-tree,lemon tree,albero di limone,manual,
lemongrass-oil,lemongrass oil,olio essenziale di lemongrass,manual,
lentil,lentil,lenticchia,wikidata,
leptospermum-citratum,leptospermum citratum,Leptospermum citratum,manual,Latin name kept
leptospermum-liversidgei,leptospermum liversidgei,Leptospermum liversidgei,manual,Latin name kept
lesquerella-seed,lesquerella seed,semi di Lesquerella,manual,
lettuce,lettuce,lattuga,wikidata,
levisticum-acutilobum,levisticum acutilobum,Levisticum acutilobum,manual,Latin name kept
liatris-odoratissima,liatris odoratissima,Liatris odoratissima,manual,Latin name kept
licorice,licorice,liquirizia,manual,
ligusticum-acutilobum,ligusticum acutilobum,Ligusticum acutilobum,manual,Latin name kept
ligusticum-acutilobum-oil,ligusticum acutilobum oil,olio essenziale di Ligusticum acutilobum,manual,
lilac,lilac,lillà,manual,
lilac-flower-oil,lilac flower oil,olio essenziale di fiori di lillà,manual,
lilium-candidum-flower,lilium candidum flower,fiori di giglio bianco,manual,
lily-oil,lily oil,olio essenziale di giglio,manual,
lima-bean,lima bean,fagiolo di Lima,wikidata,
limburger-cheese,limburger cheese,limburger,manual,
lime-juice,lime juice,succo di lime,wikidata,
lime-oil,lime oil,olio essenziale di lime,manual,
lime-peel-oil,lime peel oil,olio essenziale di scorza di lime,manual,
lindera-citriodora,lindera citriodora,Lindera citriodora,manual,Latin name kept
lingonberry,lingonberry,mirtillo rosso,wikidata,
lingonberry-juice,lingonberry juice,succo di mirtillo rosso,wikidata,
lippia-carviodora,lippia carviodora,Lippia carviodora,manual,Latin name kept
lippia-scaberrima,lippia scaberrima,Lippia scaberrima,manual,Latin name kept
liquidambar-orientalis-storax,liquidambar orientalis storax,storace di Liquidambar orientalis,manual,
litchi,litchi,litchi,wikidata,
litsea-citrata,litsea citrata,Litsea citrata,manual,Latin name kept
litsea-cubeba,litsea cubeba,Litsea cubeba,manual,Latin name kept
litsea-cubeba-fruit,litsea cubeba fruit,bacche di Litsea cubeba,manual,
litsea-cubeba-oil,litsea cubeba oil,olio essenziale di Litsea cubeba,manual,
litsea-guatemalensis,litsea guatemalensis,Litsea guatemalensis,manual,Latin name kept
litsea-guatemalensis-oil,litsea guatemalensis oil,olio essenziale di Litsea guatemalensis,manual,
litsea-odorifera,litsea odorifera,Litsea odorifera,manual,Latin name kept
litsea-odorifera-leaf-oil,litsea odorifera leaf oil,olio essenziale di foglie di Litsea odorifera,manual,
litsea-odorifera-oil,litsea odorifera oil,olio essenziale di Litsea odorifera,manual,
litsea-zeylanica,litsea zeylanica,Litsea zeylanica,manual,Latin name kept
litsea-zeylanica-oil,litsea zeylanica oil,olio essenziale di Litsea zeylanica,manual,
liver,liver,fegato,manual,
lobster,lobster,aragosta,wikidata,
loganberry,loganberry,loganberry (mora-lampone),manual,
loiseleuria-procumbens,loiseleuria procumbens,azalea nana,manual,
long-pepper,long pepper,pepe lungo,manual,
loquat,loquat,nespola giapponese,wikidata,
lovage,lovage,levistico,manual,
lovage-leaf,lovage leaf,foglie di levistico,manual,
lovage-root,lovage root,radice di levistico,manual,
luraceae-oil,luraceae oil,olio essenziale di lauracee,manual,
luvunga-scadens-oil,luvunga scadens oil,olio essenziale di Luvunga scadens,manual,
macadamia-nut,macadamia nut,noce macadamia,wikidata,
macaroni,macaroni,maccheroni,wikidata,
mace,mace,macis,wikidata,
mackerel,mackerel,sgombro,manual,
madagascar-cinnamon-leaf-oil,madagascar cinnamon leaf oil,olio essenziale di foglie di cannella del Madagascar,manual,
magnolia-fuscata,magnolia fuscata,Magnolia fuscata,manual,Latin name kept
magnolia-grandiflora,magnolia grandiflora,magnolia grandiflora,manual,
magnolia-oil,magnolia oil,olio essenziale di magnolia,manual,
magnolia-salicifolia-oil,magnolia salicifolia oil,olio essenziale di Magnolia salicifolia,manual,
magnolia-tripetala,magnolia tripetala,Magnolia tripetala,manual,Latin name kept
maize,maize,mais,reviewed,
malabar-cardamom-oil,malabar cardamom oil,olio essenziale di cardamomo del Malabar,manual,
malabar-lemongrass-oil,malabar lemongrass oil,olio essenziale di lemongrass del Malabar,manual,
malagueta-pepper,malagueta pepper,pepe malagueta,manual,
malay-apple,malay apple,mela malese,manual,
malt,malt,malto,wikidata,
malt-whiskey,malt whiskey,whisky di malto,manual,
mammee,mammee,mammea,manual,
mandarin,mandarin,mandarino,manual,
mandarin-leaf-oil,mandarin leaf oil,olio essenziale di foglie di mandarino,manual,
mandarin-oil,mandarin oil,olio essenziale di mandarino,manual,
mandarin-peel,mandarin peel,scorza di mandarino,manual,
mandarin-peel-oil,mandarin peel oil,olio essenziale di scorza di mandarino,manual,
mangosteen,mangosteen,mangostano,manual,
manila-copal,manila copal,copale di Manila,manual,
mantis-shrimp,mantis shrimp,canocchia,manual,
maple-syrup,maple syrup,sciroppo d'acero,wikidata,
marjoram-oil,marjoram oil,olio essenziale di maggiorana,manual,
marula,marula,marula,manual,
mashed-potato,mashed potato,purè di patate,wikidata,
mastic-gum,mastic gum,mastice (resina di lentisco),manual,
mastic-gum-fruit-oil,mastic gum fruit oil,olio essenziale di frutti di lentisco,manual,
mastic-gum-leaf-oil,mastic gum leaf oil,olio essenziale di foglie di lentisco,manual,
mastic-gum-oil,mastic gum oil,olio essenziale di mastice,manual,
mate,mate,mate,wikidata,
mate-leaf,mate leaf,foglie di mate,manual,
matricaria-parthenium-oil,matricaria parthenium oil,olio essenziale di Matricaria parthenium,manual,
matsutake,matsutake,matsutake,manual,
meat,meat,carne,wikidata,
melaleuca-bracteata,melaleuca bracteata,Melaleuca bracteata,manual,Latin name kept
melaleuca-bracteata-leaf,melaleuca bracteata leaf,foglie di Melaleuca bracteata,manual,
melaleuca-oil,melaleuca oil,olio essenziale di melaleuca,reviewed,
melaleuca-paucifiora-oil,melaleuca paucifiora oil,olio essenziale di Melaleuca paucifiora,manual,
melaleuca-smithii,melaleuca smithii,Melaleuca smithii,manual,Latin name kept
melaleuca-trichostachya-oil,melaleuca trichostachya oil,olio essenziale di Melaleuca trichostachya,manual,
melaleuca-viridiflora,melaleuca viridiflora,Melaleuca viridiflora,manual,Latin name kept
melilotus-albus-leaf,melilotus albus leaf,foglie di meliloto bianco,manual,
melilotus-officinalis,melilotus officinalis,meliloto,manual,
melilotus-officinalis-flower,melilotus officinalis flower,fiori di meliloto,manual,
melissa-oil,melissa oil,olio essenziale di melissa,manual,
melon,melon,melone,wikidata,
mentha,mentha,menta (Mentha),manual,
mentha-aquatica,mentha aquatica,menta acquatica,manual,
mentha-citrata,mentha citrata,menta bergamotto,manual,
mentha-crispa,mentha crispa,menta crespa,manual,
mentha-longifolia-oil,mentha longifolia oil,olio essenziale di Mentha longifolia,manual,
mentha-silvestris-oil,mentha silvestris oil,olio essenziale di Mentha silvestris,manual,
mentha-timija,mentha timija,Mentha timija,manual,Latin name kept
mentha-verticillata,mentha verticillata,Mentha verticillata,manual,Latin name kept
mentha-viridis,mentha viridis,Mentha viridis,manual,Latin name kept
mexican-goosefoot,mexican goosefoot,tè del Messico,manual,
mexican-lime,mexican lime,lime messicano,manual,
mexican-linaloe,mexican linaloe,linaloe messicano,manual,
michelia,michelia,Michelia,manual,Latin name kept
michelia-champaca-oil,michelia champaca oil,olio essenziale di Michelia champaca,manual,
micromeria-abyssinica,micromeria abyssinica,Micromeria abyssinica,manual,Latin name kept
milk-fat,milk fat,grasso del latte,reviewed,
mimosa-oil,mimosa oil,olio essenziale di mimosa,manual,
mimusops-elengi-flower,mimusops elengi flower,fiori di Mimusops elengi,manual,
mindanaese-cinnamomum-oil,mindanaese cinnamomum oil,olio essenziale di Cinnamomum di Mindanao,manual,
mint-oil,mint oil,olio essenziale di menta,manual,
monarda-citriodora-oil,monarda citriodora oil,olio essenziale di Monarda citriodora,manual,
monarda-fisulosa,monarda fisulosa,Monarda fisulosa,manual,Latin name kept
monarda-punctata,monarda punctata,Monarda punctata,manual,Latin name kept
monarda-punctata-oil,monarda punctata oil,olio essenziale di Monarda punctata,manual,
monkey-orange,monkey orange,Strychnos spinosa,manual,
monodora-grandiflora,monodora grandiflora,Monodora grandiflora,manual,Latin name kept
morus-bombycis-oil,morus bombycis oil,olio essenziale di Morus bombycis,manual,
mountain-papaya,mountain papaya,papaya di montagna,manual,
mulberry-leaf,mulberry leaf,foglie di gelso,manual,
mung-bean,mung bean,fagioli mungo,manual,
munster-cheese,munster cheese,munster,manual,
muscadine-grape,muscadine grape,uva muscadina,manual,
muscat-grape,muscat grape,uva moscato,manual,
muscat-grape-juice,muscat grape juice,succo d'uva moscato,manual,
musk,musk,muschio animale,manual,
muskmelon,muskmelon,melone,manual,
mussel,mussel,cozza,wikidata,
mustard-greens-oil,mustard greens oil,olio essenziale di foglie di senape,manual,
mutton,mutton,montone,reviewed,
mutton-liver,mutton liver,fegato di montone,manual,
myrcia-acris,myrcia acris,Myrcia acris,manual,Latin name kept
myrocarpus-fastigiatus,myrocarpus fastigiatus,Myrocarpus fastigiatus,manual,Latin name kept
myrocarpus-frondosus,myrocarpus frondosus,Myrocarpus frondosus,manual,Latin name kept
myrrh,myrrh,mirra,manual,
myrrh-oil,myrrh oil,olio essenziale di mirra,manual,
myrtaceae-oil,myrtaceae oil,olio essenziale di mirtacee,manual,
myrtle,myrtle,mirto,manual,
myrtleberry,myrtleberry,mirtillo nero,manual,
myrtus-communis,myrtus communis,mirto comune,manual,
nance,nance,nance,manual,
naranjilla,naranjilla,naranjilla,manual,
narcissus,narcissus,narciso,manual,
narcissus-oil,narcissus oil,olio essenziale di narciso,manual,
navy-bean,navy bean,fagiolo tondino,wikidata,
nectandra-elaiophora,nectandra elaiophora,Nectandra elaiophora,manual,Latin name kept
nectarine,nectarine,pesca noce,wikidata,
nemuaron-humboldtii-oil,nemuaron humboldtii oil,olio essenziale di Nemuaron humboldtii,manual,
nepeta-japonica,nepeta japonica,Nepeta japonica,manual,Latin name kept
neroli,neroli,neroli,wikidata,
neroli-bigarade,neroli bigarade,neroli bigarade,manual,
neroli-oil,neroli oil,olio essenziale di neroli,reviewed,
nettle,nettle,ortica,manual,
nezara-viridula,nezara viridula,cimice verde,manual,
niaouli-oil,niaouli oil,olio essenziale di niaouli,manual,
nigra-oil,nigra oil,olio essenziale di nigra,manual,
nira,nira,erba cipollina cinese,manual,
nobiru,nobiru,nobiru,manual,
nut,nut,frutta secca,wikidata,
nutmeg,nutmeg,noce moscata,wikidata,
nutmeg-oil,nutmeg oil,olio essenziale di noce moscata,manual,
oak-leaf,oak leaf,foglie di quercia,manual,
oak-musk,oak musk,muschio di quercia,manual,
oak-tar-oil,oak tar oil,olio di catrame di quercia,manual,
oat-groat,oat groat,avena decorticata,manual,
oatmeal,oatmeal,farina d'avena,wikidata,
ocimum-gratissimum,ocimum gratissimum,basilico africano,manual,
ocimum-viride,ocimum viride,Ocimum viride,manual,Latin name kept
ocotea-usambarensis-oil,ocotea usambarensis oil,olio essenziale di Ocotea usambarensis,manual,
octopus,octopus,polpo,manual,
okra,okra,okra (gombo),reviewed,
onion-juice,onion juice,succo di cipolla,manual,
onion-oil,onion oil,olio essenziale di cipolla,manual,
orange,orange,arancia,wikidata,
orange-flower,orange flower,fiori d'arancio,manual,
orange-flower-oil,orange flower oil,olio essenziale di fiori d'arancio,manual,
orange-juice,orange juice,succo d'arancia,wikidata,
orange-leaf,orange leaf,foglie di arancio,manual,
orange-leaf-oil,orange leaf oil,olio essenziale di foglie di arancio,manual,
orange-oil,orange oil,olio essenziale di arancia dolce,wikidata,
orange-peel,orange peel,scorza d'arancia,manual,
orange-peel-oil,orange peel oil,olio essenziale di scorza d'arancia,manual,
orange-tree,orange tree,arancio,manual,
orchid,orchid,orchidea,manual,
oregano-oil,oregano oil,olio essenziale di origano,manual,
oriental-storax,oriental storax,storace orientale,manual,
origanum,origanum,Origanum,manual,Latin name kept
origanum-floribundum,origanum floribundum,Origanum floribundum,manual,Latin name kept
origanum-oil,origanum oil,olio essenziale di origano,reviewed,
ormenis-mixta-oil,ormenis mixta oil,olio essenziale di Ormenis mixta,manual,
ormenis-multicaulis,ormenis multicaulis,Ormenis multicaulis,manual,Latin name kept
orris,orris,giaggiolo,manual,
orris-oil,orris oil,essenza di giaggiolo,reviewed,
orris-root,orris root,radice di giaggiolo,manual,
orthodon,orthodon,Orthodon,manual,Latin name kept
orthodon-asaroniferum-oil,orthodon asaroniferum oil,olio essenziale di Orthodon asaroniferum,manual,
orthodon-citraliferum,orthodon citraliferum,Orthodon citraliferum,manual,Latin name kept
orthodon-linalooliferum,orthodon linalooliferum,Orthodon linalooliferum,manual,Latin name kept
orthodon-methylisoeugenoliferum,orthodon methylisoeugenoliferum,Orthodon methylisoeugenoliferum,manual,Latin name kept
orthodon-methylisoeugenoliferum-oil,orthodon methylisoeugenoliferum oil,olio essenziale di Orthodon methylisoeugenoliferum,manual,
orthodon-tenuicaule-oil,orthodon tenuicaule oil,olio essenziale di Orthodon tenuicaule,manual,
ouzo,ouzo,ouzo,wikidata,
oxidized-lard,oxidized lard,strutto ossidato,manual,
oxidized-milk,oxidized milk,latte ossidato,manual,
oxidized-skim-milk,oxidized skim milk,latte scremato ossidato,manual,
oxystigma-buccholtzii-flower,oxystigma buccholtzii flower,fiori di Oxystigma buchholzii,manual,
oyster,oyster,ostrica,wikidata,
palm,palm,palma,manual,
palm-fruit,palm fruit,frutto della palma,manual,
palm-oil,palm oil,olio di palma,wikidata,
palmarosa,palmarosa,palmarosa,manual,
palmarosa-oil,palmarosa oil,olio essenziale di palmarosa,manual,
pandanus-odoratissimus,pandanus odoratissimus,pandano odoroso,manual,
pandanus-odoratissimus-oil,pandanus odoratissimus oil,olio essenziale di pandano odoroso,manual,
papaver-somniferum,papaver somniferum,papavero da oppio,manual,
papaya,papaya,papaya,wikidata,
paraguay-petitgrain,paraguay petitgrain,petitgrain del Paraguay,manual,
parmesan,parmesan,parmigiano,reviewed,
parmesan-cheese,parmesan cheese,parmigiano,reviewed,
parsley,parsley,prezzemolo,wikidata,
parsnip,parsnip,pastinaca,manual,
parsnip-fruit,parsnip fruit,frutti di pastinaca,manual,
parsnip-root,parsnip root,radice di pastinaca,manual,
passiflora-edulis,passiflora edulis,maracuja,manual,
passiflora-edulis-juice,passiflora edulis juice,succo di maracuja,manual,
passiflora-mollissima,passiflora mollissima,Passiflora mollissima,manual,Latin name kept
passion-fruit,passion fruit,frutto della passione,wikidata,
passion-fruit-juice,passion fruit juice,succo di frutto della passione,wikidata,
passion-fruit-wine,passion fruit wine,vino di frutto della passione,manual,
patchouli-oil,patchouli oil,olio essenziale di patchouli,manual,
pawpaw,pawpaw,asimina,manual,
peach,peach,pesca,wikidata,
peanut,peanut,arachide,wikidata,
peanut-butter,peanut butter,burro di arachidi,wikidata,
peanut-oil,peanut oil,olio di semi di arachide,wikidata,
pear,pear,pera,wikidata,
pear-brandy,pear brandy,acquavite di pere,manual,
peated-malt,peated malt,malto torbato,manual,
pecan,pecan,noce pecan,wikidata,
pelargonium,pelargonium,pelargonio,manual,
pelargonium-capitaux,pelargonium capitaux,pelargonio capitato,manual,
pelargonium-tomentosum,pelargonium tomentosum,pelargonio tomentoso,manual,
penang-benzoin,penang benzoin,benzoino di Penang,manual,
pennyroyal,pennyroyal,puleggio,manual,
pennyroyal-oil,pennyroyal oil,olio essenziale di puleggio,manual,
pepino-melon,pepino melon,pepino,reviewed,
pepper,pepper,pepe,reviewed,same Italian name as a notebook ingredient
peppermint,peppermint,menta piperita,manual,
peppermint-oil,peppermint oil,olio essenziale di menta piperita,reviewed,
perovski-abrotanoides-oil,perovski abrotanoides oil,olio essenziale di Perovski abrotanoides,manual,
persea-gratissima-peel,persea gratissima peel,buccia di avocado,manual,
persea-pubescens,persea pubescens,Persea pubescens,manual,Latin name kept
peru-balsam,peru balsam,balsamo del Perù,manual,
petasites-fragrans,petasites fragrans,Petasites fragrans,manual,Latin name kept
petitgrain,petitgrain,petitgrain,wikidata,
petitgrain-bergamot,petitgrain bergamot,petitgrain di bergamotto,manual,
petitgrain-bigarade,petitgrain bigarade,petitgrain bigarade,reviewed,
petitgrain-lemon,petitgrain lemon,petitgrain di limone,manual,
petitgrain-lemon-oil,petitgrain lemon oil,olio essenziale di petitgrain di limone,manual,
petitgrain-lime,petitgrain lime,petitgrain di lime,manual,
petitgrain-lime-oil,petitgrain lime oil,olio essenziale di petitgrain di lime,manual,
petrosimonia-monandra,petrosimonia monandra,Petrosimonia monandra,manual,Latin name kept
phallus-impudicus,phallus impudicus,satirione (Phallus impudicus),manual,
phebalium-dentatum,phebalium dentatum,Phebalium dentatum,manual,Latin name kept
phebalium-dentatum-leaf,phebalium dentatum leaf,foglie di Phebalium dentatum,manual,
phebalium-nudum-root-oil,phebalium nudum root oil,olio essenziale di radice di Phebalium nudum,manual,
phellodendron-amurense,phellodendron amurense,sughero dell'Amur,manual,
phellodendron-amurense-fruit,phellodendron amurense fruit,bacche di Phellodendron amurense,manual,
phellodendron-japonicum,phellodendron japonicum,Phellodendron japonicum,manual,Latin name kept
picea-alba-oil,picea alba oil,olio essenziale di Picea alba,manual,
picea-balsamea-oil,picea balsamea oil,olio essenziale di Picea balsamea,manual,
picea-canadensis,picea canadensis,Picea canadensis,manual,Latin name kept
picea-orientalis,picea orientalis,abete orientale,manual,
picea-rubens,picea rubens,abete rosso americano,manual,
pickled-ham,pickled ham,prosciutto in salamoia,manual,
pickled-plum,pickled plum,prugne in salamoia (umeboshi),manual,
pike,pike,luccio,manual,
pilchard,pilchard,sardina,wikidata,
pimenta,pimenta,pepe della Giamaica,manual,
pimento,pimento,pimento,manual,
pinaceae,pinaceae,pinacee,manual,
pinanona,pinanona,pinanona (frutto di monstera),manual,
pine-oil,pine oil,olio essenziale di pino,wikidata,
pine-turpentine,pine turpentine,trementina di pino,manual,
pineapple,pineapple,ananas,wikidata,
pinto-bean,pinto bean,fagiolo pinto,wikidata,
pinus-avium-fruit,pinus avium fruit,frutto di Pinus avium,manual,
pinus-communis-oil,pinus communis oil,olio essenziale di Pinus communis,manual,
pinus-densiflora,pinus densiflora,pino rosso giapponese,manual,
pinus-excelsa,pinus excelsa,pino dell'Himalaya,manual,
pinus-jeffreyi,pinus jeffreyi,pino di Jeffrey,manual,
pinus-jeffreyi-leaf-oil,pinus jeffreyi leaf oil,olio essenziale di foglie di pino di Jeffrey,manual,
pinus-jeffreyi-terpentine,pinus jeffreyi terpentine,trementina di pino di Jeffrey,manual,
pinus-punulio,pinus punulio,Pinus punulio,manual,Latin name kept
pinus-sabiniana,pinus sabiniana,Pinus sabiniana,manual,Latin name kept
pinus-sabiniana-terpentine,pinus sabiniana terpentine,trementina di Pinus sabiniana,manual,
pinus-sylvestris,pinus sylvestris,pino silvestre,manual,
pinus-sylvestris-oil,pinus sylvestris oil,olio essenziale di pino silvestre,manual,
piper-chaba,piper chaba,Piper chaba,manual,Latin name kept
piper-famechoni,piper famechoni,Piper famechoni,manual,Latin name kept
piper-lowong,piper lowong,Piper lowong,manual,Latin name kept
piper-officinarum,piper officinarum,Piper officinarum,manual,Latin name kept
piri-piri,piri piri,peperoncino piri piri,reviewed,
pittosporum-flower,pittosporum flower,fiori di pittosporo,manual,
pittosporum-glabratum,pittosporum glabratum,Pittosporum glabratum,manual,Latin name kept
plant,plant,pianta,manual,
plum,plum,susina,wikidata,
plum-brandy,plum brandy,acquavite di prugne,reviewed,
plum-wine,plum wine,vino di prugne (umeshu),reviewed,
plumcot,plumcot,plumcot (susina × albicocca),manual,
polianthes-tuberosa-oil,polianthes tuberosa oil,olio essenziale di Polianthes tuberosa,manual,
polyalthia-canangioides-flower,polyalthia canangioides flower,fiori di Polyalthia canangioides,manual,
polysiphonia-fastigiata,polysiphonia fastigiata,Polysiphonia fastigiata,manual,Latin name kept
pomelo-peel,pomelo peel,scorza di pomelo,manual,
popcorn,popcorn,popcorn,wikidata,
populus-balsamifera,populus balsamifera,pioppo balsamico,manual,
porcini,porcini,porcini,manual,
pork,pork,carne di maiale,wikidata,
pork-liver,pork liver,fegato di maiale,wikidata,
port-wine,port wine,vino Porto,manual,
potato-chip,potato chip,patatine (chips),reviewed,
pouching-tea,pouching tea,tè Pouchong,manual,
prawn,prawn,gambero,wikidata,
prickly-pear,prickly pear,fico d'India,reviewed,
provolone-cheese,provolone cheese,provolone,manual,
prune,prune,prugna secca,wikidata,
prunus,prunus,Prunus,manual,Latin name kept
prunus-laurocerasus,prunus laurocerasus,lauroceraso,manual,
psilocaulon-absimile,psilocaulon absimile,Psilocaulon absimile,manual,Latin name kept
ptychotis-ajowan-seed-oil,ptychotis ajowan seed oil,olio essenziale di semi di Ptychotis ajowan,manual,
pumpkin,pumpkin,zucca,wikidata,
purple-passion-fruit,purple passion fruit,frutto della passione viola,manual,
purple-passion-fruit-juice,purple passion fruit juice,succo di frutto della passione viola,manual,
quercus-olive,quercus olive,Quercus olive,manual,"unclear source name, kept as is"
quince,quince,mela cotogna,reviewed,
rabbiteye-blueberry,rabbiteye blueberry,mirtillo rabbiteye,manual,
radish,radish,ravanello,manual,
radish-oil,radish oil,olio essenziale di ravanello,manual,
rafanus-sativus-root,rafanus sativus root,radice di ravanello,manual,
raisin,raisin,uva passa,wikidata,
rancid-coconut-oil,rancid coconut oil,olio di cocco rancido,manual,
randia-formosa-flower,randia formosa flower,fiori di Randia formosa,manual,
rangpur,rangpur,lime Rangpur,manual,
rapeseed,rapeseed,semi di colza,manual,
raspberry-brandy,raspberry brandy,acquavite di lamponi,manual,
raspberry-juice,raspberry juice,succo di lampone,wikidata,
raspberry-oil,raspberry oil,essenza di lampone,manual,
raw-asparagus,raw asparagus,asparagi crudi,manual,
raw-bean,raw bean,fagioli crudi,manual,
raw-beef,raw beef,manzo crudo,manual,
raw-cabbage,raw cabbage,cavolo crudo,manual,
raw-chicken,raw chicken,pollo crudo,manual,
raw-fatty-fish,raw fatty fish,pesce grasso crudo,manual,
raw-fish,raw fish,pesce crudo,wikidata,
raw-lamb,raw lamb,agnello crudo,manual,
raw-lean-fish,raw lean fish,pesce magro crudo,manual,
raw-leek,raw leek,porro crudo,manual,
raw-pea,raw pea,piselli crudi,manual,
raw-peanut,raw peanut,arachidi crude,manual,
raw-pork,raw pork,maiale crudo,manual,
raw-potato,raw potato,patate crude,manual,
raw-radish,raw radish,ravanello crudo,manual,
raw-soybean-oil,raw soybean oil,olio di soia grezzo,manual,
raw-turkey,raw turkey,tacchino crudo,manual,
red-algae,red algae,alghe rosse,manual,
red-bean,red bean,fagioli azuki,manual,
red-currant,red currant,ribes rosso,wikidata,
red-kidney-bean,red kidney bean,fagioli rossi kidney,manual,
red-meat,red meat,carne rossa,wikidata,
red-sage,red sage,salvia rossa,manual,
reunion-geranium,reunion geranium,geranio di Réunion,manual,
rhizopus,rhizopus,Rhizopus (muffa),manual,
rhododendron-fauriae-leaf,rhododendron fauriae leaf,foglie di Rhododendron fauriae,manual,
rhodophyllus-icterus,rhodophyllus icterus,Rhodophyllus icterus,manual,Latin name kept
rhodotorula-glutinis,rhodotorula glutinis,Rhodotorula glutinis,manual,Latin name kept
rhubarb,rhubarb,rabarbaro,wikidata,
rhus-coriaria,rhus coriaria,sommacco siciliano,manual,
rhus-cotinus-leaf,rhus cotinus leaf,foglie di scotano,manual,
rhus-glabra,rhus glabra,sommacco glabro,manual,
rhus-semialata,rhus semialata,Rhus semialata,manual,Latin name kept
rhus-typhia,rhus typhia,Rhus typhia,manual,Latin name kept
ribes,ribes,ribes,manual,
rice-bran,rice bran,crusca di riso,wikidata,
rice-husk,rice husk,lolla di riso,manual,
roasted-almond,roasted almond,mandorle tostate,manual,
roasted-barley,roasted barley,orzo tostato,manual,
roasted-beef,roasted beef,manzo arrosto,manual,
roasted-chicken,roasted chicken,pollo arrosto,wikidata,
roasted-chicory-root,roasted chicory root,radice di cicoria tostata,manual,
roasted-cocoa,roasted cocoa,cacao tostato,manual,
roasted-coconut,roasted coconut,cocco tostato,manual,
roasted-filbert,roasted filbert,nocciole tostate,manual,
roasted-green-tea,roasted green tea,tè verde tostato,manual,
roasted-hazelnut,roasted hazelnut,nocciole tostate,manual,
roasted-lamb,roasted lamb,agnello arrosto,manual,
roasted-macadamia-nut,roasted macadamia nut,noci macadamia tostate,manual,
roasted-malt,roasted malt,malto tostato,manual,
roasted-mate,roasted mate,mate tostato,manual,
roasted-meat,roasted meat,carne arrosto,reviewed,
roasted-nut,roasted nut,frutta secca tostata,manual,
roasted-onion,roasted onion,cipolla arrostita,manual,
roasted-peanut,roasted peanut,arachidi tostate,manual,
roasted-pecan,roasted pecan,noci pecan tostate,manual,
roasted-pork,roasted pork,maiale arrosto,manual,
roasted-sesame-seed,roasted sesame seed,semi di sesamo tostati,manual,
roasted-shrimp,roasted shrimp,gamberi arrostiti,manual,
roasted-spanish-peanut,roasted spanish peanut,arachidi spagnole tostate,manual,
roasted-turkey,roasted turkey,tacchino arrosto,manual,
robinia-pseudoacacia,robinia pseudoacacia,robinia,manual,
robinia-pseudoacacia-oil,robinia pseudoacacia oil,olio essenziale di robinia,manual,
roman-chamomile,roman chamomile,camomilla romana,manual,
roman-chamomile-oil,roman chamomile oil,olio essenziale di camomilla romana,manual,
romano-cheese,romano cheese,pecorino romano,manual,
rooibus-tea,rooibus tea,rooibos,manual,
root,root,radice,manual,
roquefort-cheese,roquefort cheese,roquefort,wikidata,
rosa-borbonica,rosa borbonica,rosa Bourbon,manual,
rosa-bourboniana-oil,rosa bourboniana oil,olio essenziale di Rosa bourboniana,manual,
rosa-centifolia,rosa centifolia,rosa centifolia,manual,
rosa-rugosa,rosa rugosa,rosa rugosa,manual,
rosaceae,rosaceae,rosacee,manual,
rose,rose,rosa,reviewed,
rose-apple,rose apple,pomarosa,manual,
rose-flower-oil,rose flower oil,olio essenziale di fiori di rosa,manual,
rose-hip,rose hip,bacche di rosa canina,reviewed,
rose-oil,rose oil,olio essenziale di rosa,wikidata,
rose-wine,rose wine,vino rosato,wikidata,
roselle,roselle,karkadè,manual,
rosemary-oil,rosemary oil,olio essenziale di rosmarino,manual,
rotundifolia,rotundifolia,Rotundifolia,manual,Latin name kept
rubus-arcticus,rubus arcticus,rovo artico,manual,
rue,rue,ruta,manual,
rue-oil,rue oil,olio essenziale di ruta,manual,
rum,rum,rum,wikidata,
rum-brandy,rum brandy,brandy al rum,manual,
russian-anise,russian anise,anice russo,manual,
russian-champagne,russian champagne,spumante russo,manual,
russian-cheese,russian cheese,formaggio russo,manual,
russian-peppermint-oil,russian peppermint oil,olio essenziale di menta piperita russa,manual,
russian-star-anise,russian star anise,anice stellato russo,manual,
ruta-chalepensis-oil,ruta chalepensis oil,olio essenziale di Ruta chalepensis,manual,
ruta-montana-oil,ruta montana oil,olio essenziale di Ruta montana,manual,
ruta-pinnata-leaf-oil,ruta pinnata leaf oil,olio essenziale di foglie di Ruta pinnata,manual,
rutabaga,rutabaga,rutabaga,wikidata,
rutaceae,rutaceae,rutacee,manual,
rye-bread,rye bread,pane di segale,reviewed,
rye-ergot,rye ergot,segale cornuta,manual,
rye-flour,rye flour,farina di segale,wikidata,
safflower-seed,safflower seed,semi di cartamo,reviewed,
saffron,saffron,zafferano,wikidata,
sage,sage,salvia,manual,
saigon-cinnamon,saigon cinnamon,cannella di Saigon,manual,
sake,sake,sakè,wikidata,
salmon-caviar,salmon caviar,caviale di salmone,manual,
salmon-oil,salmon oil,olio di salmone,manual,
salmon-roe,salmon roe,uova di salmone,manual,
salvia-grandifiora-oil,salvia grandifiora oil,olio essenziale di Salvia grandifiora,manual,
salvia-spinosa,salvia spinosa,Salvia spinosa,manual,Latin name kept
salvia-triloba-oil,salvia triloba oil,olio essenziale di Salvia triloba,manual,
sandalwood,sandalwood,legno di sandalo,manual,
sapodilla,sapodilla,sapodilla,manual,
sapodilla-fruit,sapodilla fruit,frutto di sapodilla,manual,
sassafras,sassafras,sassofrasso,manual,
sassafras-root-oil,sassafras root oil,olio essenziale di radice di sassofrasso,manual,
satsuma,satsuma,mandarino satsuma,manual,
satsuma-mandarin-peel,satsuma mandarin peel,scorza di mandarino satsuma,manual,
satsuma-mandarin-peel-oil,satsuma mandarin peel oil,olio essenziale di scorza di mandarino satsuma,manual,
satureia-montana,satureia montana,santoreggia montana,manual,
satureia-thymera,satureia thymera,Satureia thymera,manual,Latin name kept
sauerkraut,sauerkraut,crauti,wikidata,
sauvignon-blanc-grape,sauvignon blanc grape,uva Sauvignon blanc,manual,
sauvignon-grape,sauvignon grape,uva Sauvignon,manual,
saxifragaceae,saxifragaceae,sassifragacee,manual,
schizandra-nigra-oil,schizandra nigra oil,olio essenziale di Schizandra nigra,manual,
schizandra-oil,schizandra oil,olio essenziale di Schizandra,manual,
scotch,scotch,whisky scozzese,reviewed,
scotch-spearmint,scotch spearmint,menta verde scozzese,manual,
scotch-spearmint-oil,scotch spearmint oil,olio essenziale di menta verde scozzese,manual,
scotch-whiskey,scotch whiskey,whisky scozzese,reviewed,
sea-algae,sea algae,alghe marine,manual,
sea-bass,sea bass,branzino,manual,
sea-buckthorn,sea buckthorn,olivello spinoso,manual,
seal,seal,foca,manual,
seaweed,seaweed,alghe marine,manual,
seed,seed,semi,reviewed,
senecio-kaempferi,senecio kaempferi,Senecio kaempferi,manual,Latin name kept
sesame-oil,sesame oil,olio di semi di sesamo,wikidata,
sesame-seed,sesame seed,semi di sesamo,reviewed,
sesame-seed-oil,sesame seed oil,olio di semi di sesamo,manual,
seseli-sibiricum,seseli sibiricum,Seseli sibiricum,manual,Latin name kept
seseli-tortuosum,seseli tortuosum,Seseli tortuosum,manual,Latin name kept
several-oil,several oil,oli essenziali vari,manual,
seychelles-tea,seychelles tea,tè delle Seychelles,manual,
sheep-cheese,sheep cheese,formaggio pecorino,wikidata,
sheep-milk,sheep milk,latte di pecora,wikidata,
shellfish,shellfish,frutti di mare,wikidata,
sherry,sherry,sherry,wikidata,
sherry-wine,sherry wine,sherry,wikidata,
shiitake,shiitake,shiitake,reviewed,
shoro,shoro,shoro,manual,
shrimp,shrimp,gamberetto,wikidata,
siam-benzoin,siam benzoin,benzoino del Siam,manual,
siberian-pine-needle-oil,siberian pine needle oil,olio essenziale di aghi di pino siberiano,manual,
silk-fibrooin,silk fibrooin,fibroina della seta,manual,
silkworm-chrysalis,silkworm chrysalis,crisalide del baco da seta,manual,
skim-milk,skim milk,latte scremato,wikidata,
smoke,smoke,fumo,manual,
smoked-fatty-fish,smoked fatty fish,pesce grasso affumicato,manual,
smoked-fish,smoked fish,pesce affumicato,wikidata,
smoked-herring,smoked herring,aringa affumicata,manual,
smoked-pork,smoked pork,maiale affumicato,manual,
smoked-pork-belly,smoked pork belly,pancetta affumicata,manual,
smoked-salmon,smoked salmon,salmone affumicato,wikidata,
smoked-sausage,smoked sausage,salsiccia affumicata,manual,
smoked-summer-sausage,smoked summer sausage,salame affumicato,manual,
snap-bean,snap bean,fagiolino,wikidata,
solanaceae,solanaceae,solanacee,manual,
solidago-odora,solidago odora,verga d'oro odorosa,manual,
sour-cherry,sour cherry,amarena,manual,
sour-milk,sour milk,latte acido,manual,
soursop,soursop,graviola,manual,
south-african-mentha-longifolia,south african mentha longifolia,mentastro sudafricano,manual,
southern-pea,southern pea,fagiolo dall'occhio,manual,
soy-sauce,soy sauce,salsa di soia,wikidata,
soybean,soybean,soia,reviewed,
soybean-oil,soybean oil,olio di semi di soia,wikidata,
spanish-anise,spanish anise,anice spagnolo,manual,
spanish-origanum,spanish origanum,origano spagnolo,manual,
spanish-origanum-oil,spanish origanum oil,olio essenziale di origano spagnolo,manual,
spanish-sage,spanish sage,salvia spagnola,manual,
sparkling-wine,sparkling wine,vino spumante,wikidata,
spearmint,spearmint,menta verde,manual,
spearmint-oil,spearmint oil,olio essenziale di menta verde,manual,
spearmint-scotch-oil,spearmint scotch oil,olio essenziale di menta verde scozzese,manual,
sperm-whale-oil,sperm whale oil,olio di capodoglio,manual,
spermaceti-oil,spermaceti oil,olio di spermaceti,manual,
sphaeranthus-indicus-oil,sphaeranthus indicus oil,olio essenziale di Sphaeranthus indicus,manual,
spike,spike,spigo,manual,
spike-oil,spike oil,olio essenziale di spigo,manual,
spirea-ulmaria-oil,spirea ulmaria oil,olio essenziale di olmaria,manual,
split-pea,split pea,piselli spezzati,manual,
squash,squash,zucca,manual,
squid,squid,calamaro,manual,
star-anise,star anise,anice stellato,wikidata,
star-anise-oil,star anise oil,olio essenziale di anice stellato,manual,
starch,starch,amido,wikidata,
starfruit,starfruit,carambola,manual,
stirlingia-latifolia,stirlingia latifolia,Stirlingia latifolia,manual,Latin name kept
storax,storax,storace,manual,
strawberry,strawberry,fragola,wikidata,
strawberry-jam,strawberry jam,confettura di fragole,manual,
strawberry-juice,strawberry juice,succo di fragola,wikidata,
strawberry-oil,strawberry oil,essenza di fragola,manual,
strawberry-wine,strawberry wine,vino di fragole,manual,
sturgeon-caviar,sturgeon caviar,caviale di storione,manual,
sudachi,sudachi,sudachi,manual,
sugarcane,sugarcane,canna da zucchero,reviewed,
sumac,sumac,sommacco,manual,
sumatra-benzoin,sumatra benzoin,benzoino di Sumatra,manual,
summer-savory,summer savory,santoreggia estiva,manual,
sunflower-oil,sunflower oil,olio di semi di girasole,wikidata,
sweet-basil,sweet basil,basilico dolce,manual,
sweet-grass-oil,sweet grass oil,olio essenziale di erba dolce,manual,
sweetfish,sweetfish,ayu (pesce dolce),manual,
swiss-cheese,swiss cheese,formaggio svizzero,wikidata,
tabasco-pepper,tabasco pepper,peperoncino tabasco,wikidata,
tahiti-vanilla,tahiti vanilla,vaniglia di Tahiti,manual,
taiwan-citronella,taiwan citronella,citronella di Taiwan,manual,
tamarind,tamarind,tamarindo,reviewed,
tangerine,tangerine,tangerino,manual,
tangerine-juice,tangerine juice,succo di tangerino,manual,
tangerine-oil,tangerine oil,olio essenziale di tangerino,manual,
tangerine-peel-oil,tangerine peel oil,olio essenziale di scorza di tangerino,manual,
tarragon,tarragon,dragoncello,wikidata,
tea,tea,tè,wikidata,
tea-leaf-oil,tea leaf oil,olio essenziale di foglie di tè,manual,
tea-oil,tea oil,olio di tè,manual,
tea-tree-oil,tea tree oil,olio essenziale di tea tree,reviewed,
temoe-lawak,temoe lawak,curcuma di Giava,manual,
temple-orange-juice,temple orange juice,succo di arancia Temple,manual,
tequila,tequila,tequila,wikidata,
teucrium-chamaedrys,teucrium chamaedrys,camedrio,manual,
texas-sage,texas sage,salvia del Texas,manual,
thai-pepper,thai pepper,peperoncino thai,manual,
thaumatococcus-daniellii,thaumatococcus daniellii,katemfe,manual,
thaumatococcus-daniellii-fruit,thaumatococcus daniellii fruit,frutto di katemfe,manual,
thea-chinensis-oil,thea chinensis oil,olio essenziale di Thea chinensis,manual,
thlaspi-arvense-oil,thlaspi arvense oil,olio essenziale di Thlaspi arvense,manual,
thuja-articulata-bark-oil,thuja articulata bark oil,olio essenziale di corteccia di Thuja articulata,manual,
thuja-occidentalis,thuja occidentalis,tuia occidentale,manual,
thuja-occidentalis-oil,thuja occidentalis oil,olio essenziale di tuia occidentale,manual,
thuja-plicata,thuja plicata,tuia gigante,manual,
thuja-standishii,thuja standishii,Thuja standishii,manual,Latin name kept
thujopsis-dolabrata,thujopsis dolabrata,Thujopsis dolabrata,manual,Latin name kept
thymbra-spicata-oil,thymbra spicata oil,olio essenziale di Thymbra spicata,manual,
thyme,thyme,timo,wikidata,
thymus,thymus,Thymus,manual,Latin name kept
thymus-caespeititius,thymus caespeititius,Thymus caespeititius,manual,Latin name kept
thymus-mastichina,thymus mastichina,Thymus mastichina,manual,Latin name kept
thymus-oil,thymus oil,olio essenziale di timo (Thymus),manual,
thymus-zygis,thymus zygis,Thymus zygis,manual,Latin name kept
tilsit-cheese,tilsit cheese,Tilsit,wikidata,
toasted-oat,toasted oat,avena tostata,manual,
toasted-oat-groat,toasted oat groat,avena decorticata tostata,manual,
toasted-sesame-seed,toasted sesame seed,semi di sesamo tostati,manual,
tobacco,tobacco,tabacco,manual,
tobacco-flower,tobacco flower,fiori di tabacco,manual,
tobacco-leaf,tobacco leaf,foglie di tabacco,manual,
tobacco-leaf-oil,tobacco leaf oil,essenza di foglie di tabacco,manual,
tobacco-oil,tobacco oil,essenza di tabacco,manual,
tolu-balsam,tolu balsam,balsamo di Tolù,manual,
tomato-juice,tomato juice,succo di pomodoro,wikidata,
tonka-bean-seed,tonka bean seed,fave tonka,manual,
trametes-graveolens,trametes graveolens,Trametes graveolens,manual,Latin name kept
trassi,trassi,pasta di gamberi (terasi),manual,
trifolium-incarnatum,trifolium incarnatum,trifoglio incarnato,manual,
trifolium-pratense-leaf-oil,trifolium pratense leaf oil,olio essenziale di foglie di Trifolium pratense,manual,
truffle,truffle,tartufo,wikidata,
tsuga-canadensis,tsuga canadensis,tsuga del Canada,manual,
tsuga-canadensis-oil,tsuga canadensis oil,olio essenziale di tsuga del Canada,manual,
tuber,tuber,tubero,manual,
tuberose,tuberose,tuberosa,manual,
tulip,tulip,tulipano,manual,
tuna,tuna,tonno,manual,
tunisian-rosemary,tunisian rosemary,rosmarino tunisino,manual,
turkey,turkey,tacchino,manual,
turkmenistan-sunguli-oil,turkmenistan sunguli oil,olio essenziale di sunguli del Turkmenistan,manual,
turmeric,turmeric,curcuma,wikidata,
turnip,turnip,rapa,wikidata,
turpentine,turpentine,trementina,manual,
udo,udo,udo (Aralia cordata),manual,
umbelliferae,umbelliferae,ombrellifere,manual,
uncured-boiled-pork,uncured boiled pork,maiale bollito non stagionato,manual,
uncured-pork,uncured pork,maiale non stagionato,manual,
uncured-smoked-pork,uncured smoked pork,maiale affumicato non stagionato,manual,
unprocessed-rice,unprocessed rice,riso grezzo,manual,
vachellia-farnesiana,vachellia farnesiana,gaggia,manual,
valencia-orange-juice,valencia orange juice,succo d'arancia Valencia,manual,
valencia-orange-oil,valencia orange oil,olio essenziale di arancia Valencia,manual,
valerian,valerian,valeriana,manual,
valerian-oil,valerian oil,olio essenziale di valeriana,manual,
valerian-root-oil,valerian root oil,olio essenziale di radice di valeriana,manual,
valeriana-officinalis,valeriana officinalis,valeriana officinale,manual,
vanilla,vanilla,vaniglia,wikidata,
vanilla-oil,vanilla oil,essenza di vaniglia,manual,
veal,veal,vitello,wikidata,
vegetable,vegetable,verdura,wikidata,
vegetable-oil,vegetable oil,olio vegetale,wikidata,
verbena-oil,verbena oil,olio essenziale di verbena,manual,
verbenaceae,verbenaceae,verbenacee,manual,
vervain,vervain,verbena,manual,
vervain-leaf,vervain leaf,foglie di verbena,manual,
vetiver,vetiver,vetiver,manual,
vetiver-oil,vetiver oil,olio essenziale di vetiver,manual,
vietnamese-black-tea,vietnamese black tea,tè nero vietnamita,manual,
violet,violet,viola,manual,
violet-flower,violet flower,fiori di viola,manual,
violet-flower-oil,violet flower oil,olio essenziale di fiori di viola,manual,
violet-leaf,violet leaf,foglie di viola,manual,
violet-leaf-oil,violet leaf oil,olio essenziale di foglie di viola,manual,
violet-root,violet root,radice di viola,manual,
vitis,vitis,vite (Vitis),manual,
vitis-labrusca,vitis labrusca,uva fragola,manual,
vitis-labrusca-juice,vitis labrusca juice,succo di uva fragola,manual,
vitis-labrusca-oil,vitis labrusca oil,olio essenziale di uva fragola,manual,
wallflower,wallflower,violaciocca,manual,
wasabi,wasabi,wasabi,manual,
waste-wort,waste wort,mosto di scarto,manual,
water-apple,water apple,Syzygium aqueum,manual,
watercress,watercress,crescione d'acqua,wikidata,
watermelon,watermelon,anguria,wikidata,
wax-jambu,wax jambu,jambu,manual,
weinbrand,weinbrand,brandy tedesco (Weinbrand),manual,
welsh-onion,welsh onion,cipolla d'inverno,wikidata,
whale,whale,balena,manual,
wheat-bran,wheat bran,crusca di frumento,wikidata,
wheat-bread,wheat bread,pane di frumento,manual,
wheat-flake,wheat flake,fiocchi di frumento,manual,
wheaten-bread,wheaten bread,pane di grano,manual,
while-thyme-oil,while thyme oil,olio essenziale di timo bianco,manual,
whiskey,whiskey,whisky,wikidata,
white-bread,white bread,pane bianco,wikidata,
white-currant-juice,white currant juice,succo di ribes bianco,manual,
whitefish,whitefish,coregone,manual,
whole-grain-wheat-flour,whole grain wheat flour,farina integrale di frumento,manual,
wild-bergamot,wild bergamot,monarda,manual,
wild-bergamot-oil,wild bergamot oil,olio essenziale di monarda,manual,
wild-berry,wild berry,frutti di bosco selvatici,manual,
wild-grape,wild grape,uva selvatica,manual,
wild-marjoram,wild marjoram,origano selvatico,manual,
wild-raspberry,wild raspberry,lampone selvatico,manual,
wild-rice,wild rice,riso selvatico,wikidata,
wild-strawberry,wild strawberry,fragolina di bosco,manual,
wild-vanilla,wild vanilla,vaniglia selvatica,manual,
wine,wine,vino,wikidata,
winter-melon,winter melon,melone d'inverno,manual,
winter-savory,winter savory,santoreggia montana,manual,
wintergreen-leaf,wintergreen leaf,foglie di gaultheria,manual,
wintergreen-oil,wintergreen oil,olio essenziale di gaultheria,manual,
wood,wood,legno,manual,
wood-apple,wood apple,mela di legno,manual,
wood-oil,wood oil,olio di legno,manual,
wood-spirit,wood spirit,spirito di legno,manual,
wood-tar,wood tar,catrame di legno,manual,
wood-vinegar,wood vinegar,aceto di legno,manual,
wort,wort,mosto di birra,manual,
xanthorrhoea-hostilis,xanthorrhoea hostilis,Xanthorrhoea hostilis,manual,Latin name kept
ximenia-aegyptiaca,ximenia aegyptiaca,Ximenia aegyptiaca,manual,Latin name kept
yam,yam,igname,wikidata,
yeast,yeast,lievito,wikidata,
yellow-mombin,yellow mombin,mombin giallo,manual,
yellow-passion-fruit,yellow passion fruit,frutto della passione giallo,manual,
yellow-passion-fruit-juice,yellow passion fruit juice,succo di frutto della passione giallo,manual,
ylangylang,ylangylang,ylang-ylang,manual,
ylangylang-oil,ylangylang oil,olio essenziale di ylang-ylang,manual,
yogurt,yogurt,yogurt,wikidata,
zanthoxylum-piperitum,zanthoxylum piperitum,pepe sansho,manual,
zanthoxylum-piperitum-fruit-oil,zanthoxylum piperitum fruit oil,olio essenziale di frutti di pepe sansho,manual,
zanthoxylum-rhetsa,zanthoxylum rhetsa,Zanthoxylum rhetsa,manual,Latin name kept
zanthoxylum-rhetsa-oil,zanthoxylum rhetsa oil,olio essenziale di Zanthoxylum rhetsa,manual,
zingiberaceae,zingiberaceae,zingiberacee,manual,
